,glc,glyc,ac,std
CSND,19.51726185771887,19.51726185771887,19.51726185771887,
GTPDPDP,-41.693462958607,-41.693462958607,-41.693462958607,
3OAR120_reverse,0.0,0.0,0.0,
EX_xan_e,0.0,0.0,0.0,
NTD10,-28.834935973317357,-28.834935973317357,-28.834935973317357,
NTD11,-36.18102763687264,-36.18102763687264,-36.18102763687264,
NTD12,-32.03257922271197,-32.03257922271197,-32.03257922271197,
XTSNH,-19.45978466189061,-19.45978466189061,-19.45978466189061,
DDPA,-81.78382964196804,-86.70313013913852,-85.74161334559756,
P5CD,-38.82918136668117,-37.81791446977289,-39.39881376271488,
2DGULRy,-20.41009693303766,-22.383108754071934,-22.49704268924538,
2DGULRx,-1.6145315020998385,-1.5366384612283266,-2.933197495728896,
P5CR,-40.15667607428564,-41.737667907063354,-42.40309519164169,
EX_glyclt_e,0.0,0.0,0.0,
EX_dimp_e,0.0,0.0,0.0,
EX_h_e_reverse,0.0,0.0,0.0,
GLUTRR,0.0,0.0,0.0,
GLUTRS,0.0,0.0,0.0,
KAS15,0.0,0.0,0.0,
HBZOPT,-88.92175941514039,-95.64392123244582,-93.20433006254044,
EX_hxa_e,0.0,0.0,0.0,
G5SADs,8.483401038842942,8.483401038842942,8.483401038842942,
PACCOAL,-39.869676165896934,-44.123095848653904,-42.77486368380154,
PANTS,-55.49797685588334,-56.7829119125236,-55.94158774051522,
E4PD,-57.21104774024876,-57.28894078112027,-55.8923817466197,
PLIPA2A180pp,0.0,0.0,0.0,
EX_ppal_e,0.0,0.0,0.0,
EX_pydam_e,0.0,0.0,0.0,
TREHpp,-28.776035501690814,-28.776035501690814,-28.776035501690814,
PGM_reverse,-14.042367817112869,-16.45635542001277,-13.99362605173723,
EX_pi_e_reverse,0.0,0.0,0.0,
EX_fald_e,0.0,0.0,0.0,
ACOAD1f,30.92824470277609,30.459867605005346,34.03857652133677,
ACLS,-29.10664718002556,-29.10664718002556,-29.10664718002556,
PUNP5,8.688362424685181,8.688362424685181,8.688362424685181,
HACD6_reverse,8.506733740957332,8.42884070008582,9.825399734586389,
EX_urea_e,0.0,0.0,0.0,
GLYCTO3,-4.091321320853147,-4.091321320853147,-4.091321320853147,
GLYCTO2,-40.13382296168595,-40.13382296168595,-40.13382296168595,
MOX_reverse,121.50190235975835,123.28475392090732,123.1970411682949,
NDPK8_reverse,-2.8445209846798036,-2.710350434827653,-5.948888034335813,
LPLIPAL1A180pp,0.0,0.0,0.0,
2AGPEAT181,0.0,0.0,0.0,
2AGPEAT180,0.0,0.0,0.0,
PUNP3,22.695183532221225,12.686826712558863,12.686826712558863,
DAPAL,7.147849451971297,7.147849451971297,7.147849451971297,
PAPA181pp,0.0,0.0,0.0,
MTRPOX,-72.12281401967603,-74.36093229848822,-78.4461179788166,
ADSL2r,9.356923574961797,11.505446784779393,11.590015625885032,
ACONIs,10.576245598414241,14.997537159757755,14.297652635678006,
UAGPT3,-21.347902237034603,-19.340730288421323,-18.007880480868856,
ASPTA,-4.495262475241018,-6.174824385355958,-7.769167296268341,
GART,-8.81989341620857,-11.904881471540062,-9.397263789385537,
CYSDDS,-80.03550120240291,-80.03550120240291,-80.03550120240291,
EX_hxan_e,0.0,0.0,0.0,
TDP,-43.47586161992163,-43.47586161992163,-43.47586161992163,
DHCIND,-38.57695413451401,-38.65484717538552,-37.25828814088495,
TARTD,-35.27636828168818,-35.27636828168818,-35.27636828168818,
ALATRS,0.0,0.0,0.0,
EX_h2_e,0.0,0.0,0.0,
LEUTAi,1.7403272142273554,2.380955165780458,3.938078313758461,
EX_gthox_e,0.0,0.0,0.0,
EX_kdo2lipid4_e,0.0,0.0,0.0,
FCLT,0.0,0.0,0.0,
IPPMIb,-3.1812215887043465,-3.1812215887043465,-3.1812215887043465,
FCLK,-27.55681938602669,-30.64180744135818,-28.134189759203654,
MALDDH,-3.3320646215186542,-3.409957662390159,-2.013398627889597,
PLIPA1A181pp,0.0,0.0,0.0,
DTMPK_reverse,-5.064405546814686,-1.9794174914831917,-4.487035173637717,
MOHMT,5.60489249439388,5.60489249439388,5.60489249439388,
DHDPS,-100.7095188874998,-100.7095188874998,-100.7095188874998,
HCYSMT,6.948995497056377,2.2289905583917884,3.1466691144985326,
ALATA_D2,1.9678962490673086,1.9678962490673086,1.9678962490673086,
EDA,-0.9919409475715213,-0.9919409475715213,-0.9919409475715213,
EX_h2o_e_reverse,0.0,0.0,0.0,
EDD,-63.490845321854785,-64.13938483917832,-62.94771422945985,
GTHOr,-11.337452641120393,-15.8112837890696,-16.20761595286484,
FRUK,-0.8903427638011827,-6.341101814906626,-3.8334841327520994,
RMPA_reverse,-3.977497163985318,-4.905847583697767,-1.6638320309989902,
GTHRDHpp,-16.18685760190916,-15.242629415953198,-16.25727632937598,
PRPPS,-16.93261680447557,-18.873361147821544,-18.2456494336126,
DPR,-26.483745091104534,-28.456756912138808,-28.570690847312253,
EX_tre_e,0.0,0.0,0.0,
FTHFD,-41.834089336722315,-41.834089336722315,-41.834089336722315,
FALGTHLs_reverse,18.649567346942685,18.794499098766515,16.831687684746733,
EX_spmd_e,0.0,0.0,0.0,
AGPAT120,0.0,0.0,0.0,
GLUPRT,-79.1175291604312,-71.17553331216699,-71.15092294923674,
KAS14,0.0,0.0,0.0,
EX_thym_e,0.0,0.0,0.0,
TRPTRS,0.0,0.0,0.0,
DHNPA2r,-5.070321989216637,-5.070321989216637,-5.070321989216637,
KDOPP,-27.894135744690317,-27.894135744690317,-27.894135744690317,
KDOPS,-76.60830938024127,-81.52760987741175,-80.56609308387078,
OCBT,11.142090799608987,11.142090799608987,11.142090799608987,
DHORD2,-78.13429558043073,-79.78945230788507,-79.44054842028855,
DHORD5,-42.09179393959793,-43.74695066705227,-43.398046779455754,
EX_pser_L_e,0.0,0.0,0.0,
EX_etha_e,0.0,0.0,0.0,
PPM_reverse,-6.134705956137108,-5.495901722458829,-4.513076152289944,
ADSL2r_reverse,-9.356923574961797,-11.505446784779393,-11.590015625885032,
PYNP2r_reverse,17.228723497477635,17.228723497477635,17.228723497477635,
GMPS2,-62.03605313858695,-56.67360586734699,-57.00410936037669,
LDH_D_reverse,-12.499229367894246,-12.421336327022736,-13.817895361523302,
HPYRI,1.4060476132803217,1.4060476132803217,1.4060476132803217,
EX_btn_e,0.0,0.0,0.0,
ECOAH3_reverse,-0.70805261933711,-0.70805261933711,-0.70805261933711,
AGMT,-74.79367720063982,-74.79367720063982,-74.79367720063982,
HMPK1,-21.317606448155914,-24.402594503487403,-21.89497682133288,
TAUDO,-204.47119335736977,-203.566299954917,-203.2893664623281,
IDOND2,-27.50606495791092,-29.479076778945192,-29.593010714118638,
ACOAD2f,36.12468440655679,35.65630730878604,39.23501622511747,
LYSTRS,0.0,0.0,0.0,
FE3Ri,-185.01930409861333,-184.5509270008426,-188.12963591717403,
DDGLK,-30.27286701829837,-33.357855073629864,-30.850237391475336,
ALAALAr_reverse,33.124221187880835,36.20920924321233,33.701591561057796,
ACONTa,-3.5749314389147724,0.42857602159593977,-5.833380425004222,
ACONTb,-7.57318314310468,-11.994474704448194,-11.294590180368445,
BUTCT,-11.76420628165728,-12.238991475636901,-11.85255888960834,
PRFGS,-48.46403511114771,-44.90164083859898,-43.56585082148253,
PSCVT,-25.54073254904234,-30.46003304621283,-29.498516252671855,
EX_sulfac_e,0.0,0.0,0.0,
EX_5dglcn_e,0.0,0.0,0.0,
EX_gbbtn_e,0.0,0.0,0.0,
ADNK1,-2.461757874859165,-7.004825810585038,-5.574320299956559,
3OAR60,0.0,0.0,0.0,
EX_arbtn_e,0.0,0.0,0.0,
DXPS,-25.83961568375952,-25.83961568375952,-25.83961568375952,
EX_all_D_e,0.0,0.0,0.0,
ICDHyr_reverse,-13.999506336896465,-16.789335108963186,-16.103174045218587,
PRMICI,-5.763624878174671,-5.763624878174671,-5.763624878174671,
EX_udpgal_e,0.0,0.0,0.0,
DBTS,-3.366511468607568,-6.451499523939059,-3.9438818417845347,
EAR120x,0.0,0.0,0.0,
EAR120y,0.0,0.0,0.0,
UPP3MT,40.29234542429542,31.43171035814663,36.595381889810376,
UDPG4E,-16.43859030242993,-14.44915025736092,-12.700624910271868,
PAPA141pp,0.0,0.0,0.0,
ECOAH4_reverse,-0.7080526193377921,-0.7080526193377921,-0.7080526193377921,
EX_mg2_e_reverse,0.0,0.0,0.0,
PUNP4,30.010714840473746,20.002358020811386,20.002358020811386,
LPLIPAL2E160,0.0,0.0,0.0,
LPLIPAL2E161,0.0,0.0,0.0,
SHCHF,0.0,0.0,0.0,
NDPK5_reverse,4.340646996876044,7.425635052207536,4.918017370053011,
UM4PCP,-17.204076465192998,-17.204076465192998,-17.204076465192998,
GTHS,-9.689599727189094,-12.629656030696756,-12.084849762562012,
PLIPA2A141pp,0.0,0.0,0.0,
UPP3S,-338.4870065854424,-338.4870065854424,-338.4870065854424,
EX_for_e,0.0,0.0,0.0,
EX_mal_D_e,0.0,0.0,0.0,
GLUR_reverse,-27.80645327840614,-28.89561321618593,-25.91815488874337,
EX_dha_e,0.0,0.0,0.0,
PPA2,-44.92348992819718,-44.92348992819718,-44.92348992819718,
IGPS,-99.3673461982855,-99.3673461982855,-99.3673461982855,
VALTRS,0.0,0.0,0.0,
PYDXK,-24.16618247517647,-27.25117053050796,-24.743552848353435,
PGPP161pp,0.0,0.0,0.0,
LDH_D2,-60.31083938609697,-60.31083938609697,-60.31083938609697,
CYTK1_reverse,23.59970685355606,26.684694908887558,24.177077226733033,
RMK,-11.513907237433328,-14.59889529276482,-12.091277610610295,
RMI,0.17393040890056,0.17393040890056,0.17393040890056,
MCITL2,8.559703419875795,10.281413773360988,9.758252267031873,
EX_h2o2_e,0.0,0.0,0.0,
FFSD,-25.577674264153963,-26.73707611468907,-27.303543402285563,
TRPAS2,-41.84955342585927,-39.611435147047075,-35.526249466718696,
3OAS100,0.0,0.0,0.0,
CYSDS,-80.03550120240294,-80.03550120240294,-80.03550120240294,
EX_dms_e,0.0,0.0,0.0,
EX_xmp_e,0.0,0.0,0.0,
2MAHMP,-42.280587642108884,-42.280587642108884,-42.280587642108884,
IPDDI_reverse,4.902389992930239,4.902389992930239,4.902389992930239,
AMAOTr,-14.163543609690786,-18.593861142765178,-16.012025376933305,
PPCSCT,-23.39138121844792,-20.600441921017563,-23.313684126935954,
FLVR,0.5163425164121165,-1.8311343778913987,-1.5443847252923675,
POX,-167.1296095060118,-167.1296095060118,-167.1296095060118,
EX_pacald_e,0.0,0.0,0.0,
HPPK2,-20.032521026874797,-21.31745608351507,-20.47613191150668,
ACACT1r,19.81852306144259,21.837437299600047,22.103394478813208,
DTMPK,5.064405546814686,1.9794174914831917,4.487035173637717,
PFK_2,-27.51910789579165,-30.60409595112314,-28.096478268968614,
EX_tsul_e,0.0,0.0,0.0,
PSD140,0.0,0.0,0.0,
PSD141,0.0,0.0,0.0,
GLYK,-15.076602005013036,-11.202158197791263,-11.65629417731507,
DATPHs,18.772441288322685,15.821623782843343,15.090703865489711,
PGSA160,0.0,0.0,0.0,
UPPDC1,-91.18775319832082,-91.18775319832082,-91.18775319832082,
MANptspp,-56.72451747132724,-61.64381796849773,-60.682301174956756,
3HAD160,0.0,0.0,0.0,
DHQTi,-5.29027515731201,-5.29027515731201,-5.29027515731201,
PERD,8.73981641409013,8.661923373218618,10.058482407719188,
THRD,4.79645590543533,4.718562864563818,6.115121899064388,
RBFSb,-152.28602620646703,-151.91156113319778,-152.31224472097026,
RBFSa,-84.3198827180774,-84.3198827180774,-84.3198827180774,
THRS,-32.447689453234474,-32.447689453234474,-32.447689453234474,
QULNS,-236.3294942647425,-239.62358009007298,-236.98498253220703,
ASNS2,-99.83519705034794,-101.48406056924541,-101.51092854796093,
EX_lyx_L_e,0.0,0.0,0.0,
ASNS1,-57.97926098464367,-52.98074217566091,-54.1794378194145,
EX_no2_e,0.0,0.0,0.0,
EX_ca2_e,0.0,0.0,0.0,
NADPPPS,-12.980431430790116,-11.815937983874706,-13.099858235609787,
ACGAM1PPpp,-47.245020675075004,-47.245020675075004,-47.245020675075004,
EX_tma_e,0.0,0.0,0.0,
EX_dca_e,0.0,0.0,0.0,
ASNTRS,0.0,0.0,0.0,
PGSA181,0.0,0.0,0.0,
PGSA180,0.0,0.0,0.0,
EX_hom_L_e,0.0,0.0,0.0,
UDPGALM,4.776663830711755,4.776663830711755,4.776663830711755,
3HPPPNH,-412.3506678270176,-412.2727747861461,-413.66933382064667,
PPND,-39.53307914714172,-39.61097218801322,-38.214413153512666,
UAG2E,-22.59479514250177,-20.587623193888493,-19.254773386336026,
GLNTRS,0.0,0.0,0.0,
UMPK,6.926408097649293,3.8414200423178,6.349037724472325,
G1PPpp,-33.2614005008476,-33.2614005008476,-33.2614005008476,
MOX,-121.50190235975835,-123.28475392090732,-123.1970411682949,
ICHORSi,0.9809036674538447,0.9809036674538447,0.9809036674538447,
DMPPS,-54.4809074623161,-54.40301442144459,-55.79957345594516,
EX_cmp_e,0.0,0.0,0.0,
NTD3pp,-32.63940998043617,-32.63940998043617,-32.63940998043617,
ACOAD3f,37.2502914351086,36.78191433733785,40.36062325366928,
LACZpp,-28.002366511936685,-28.002366511936685,-28.002366511936685,
EX_so4_e,0.0,0.0,0.0,
UAGCVT,-47.9551756078947,-50.86730415645191,-48.57293755535847,
NTD2pp,-6.740267140317678,-6.740267140317678,-6.740267140317678,
LALDO3,-17.582277281242423,-19.555289102276696,-19.66922303745014,
GGGABAH,-5.184434233164804,-4.095274295385012,-7.072732622827575,
GLUNpp,-10.75397325401251,-4.106590926132284,-5.278418591170363,
ALLPI,0.6131445246979013,0.6131445246979013,0.6131445246979013,
EX_ser_D_e,0.0,0.0,0.0,
EX_gal1p_e,0.0,0.0,0.0,
CTPS2,-32.76875141499825,-29.049202865187887,-26.910188681224533,
PGPP181,0.0,0.0,0.0,
PGPP180,0.0,0.0,0.0,
EX_csn_e,0.0,0.0,0.0,
CYTK2_reverse,8.965007836619462,12.049995891950953,9.542378209796428,
EX_crn_e,0.0,0.0,0.0,
EX_uacgam_e,0.0,0.0,0.0,
ACGAptspp,-51.34300656774506,-56.26230706491555,-55.300790271374574,
CS,-17.632297476714815,-14.720813943744936,-9.279217428039924,
SFGTHi,-10.314497809980967,-10.169566058157137,-12.13237747217692,
PPAKr_reverse,26.062440652609922,22.977452597278432,25.485070279432957,
EX_duri_e,0.0,0.0,0.0,
EX_lac_D_e,0.0,0.0,0.0,
EX_skm_e,0.0,0.0,0.0,
EX_no_e,0.0,0.0,0.0,
EX_cynt_e,0.0,0.0,0.0,
NMNN,-26.066184242839284,-26.704988476517563,-27.68781404668645,
CPPPGO2,-17.990332535742837,-27.43034241307201,-25.594985300858525,
ALAR_reverse,19.47329085392082,18.56867519634519,16.83446070634993,
EX_dtmp_e,0.0,0.0,0.0,
FHL,6.502801607819812,6.502801607819812,6.502801607819812,
TMPK,-8.89836722053593,-11.98335527586742,-9.475737593712896,
DURIK1,-23.041716294213813,-26.126704349545303,-23.61908666739078,
AMANAPEr_reverse,2.175203306778485,2.175203306778485,2.175203306778485,
ACACT2r,36.959850733809056,39.453550165946126,39.333074759130724,
ACOAD5f_reverse,-37.25029143510883,-36.78191433733808,-40.36062325366951,
PYDAMK,-21.883825644908427,-24.968813700239917,-22.461196018085392,
METTRS,0.0,0.0,0.0,
TKT2_reverse,10.13160544044581,10.13160544044581,10.13160544044581,
EX_pnto_R_e,0.0,0.0,0.0,
CBLAT_reverse,0.0,0.0,0.0,
HKNTDH,-60.92024579433635,-58.771722584518756,-58.68715374341312,
GLCATr_reverse,-0.4227404164977355,-2.916439848634811,-2.795964441819411,
GUI2,1.385476050672878,1.385476050672878,1.385476050672878,
GUI1,0.5440751939152051,0.5440751939152051,0.5440751939152051,
ACALD_reverse,13.725382696719027,16.296975169727617,14.779940728411646,
NMNt7pp,-26.066184242839284,-26.704988476517563,-27.68781404668645,
CYTD,39.53562644592481,39.53562644592481,39.53562644592481,
X5PL3E,-0.8121953906672843,-0.8121953906672843,-0.8121953906672843,
AGPAT140,0.0,0.0,0.0,
GLNS,-55.03163343100929,-64.76400381422101,-61.0845584670284,
URIH,-47.02195750525405,-47.02195750525405,-47.02195750525405,
ALLK,-18.180933038501962,-21.26592109383345,-18.758303411678927,
URIC,-110.35836802550628,-110.35836802550628,-110.35836802550628,
MTHFC_reverse,5.888430765390979,5.888430765390979,5.888430765390979,
PLIPA1E160pp,0.0,0.0,0.0,
EX_so2_e,0.0,0.0,0.0,
RBFK,-1.846085207814852,-12.677604694945362,-2.4250758593706596,
OPHHX,-202.8158551191445,-202.8158551191445,-202.8158551191445,
DGK1_reverse,15.464773343328936,18.549761398660426,16.0421437165059,
EX_thymd_e,0.0,0.0,0.0,
NDPK7_reverse,-6.0640437737502415,-5.10435016559072,-9.011247090112336,
E4PD_reverse,57.21104774024876,57.28894078112027,55.8923817466197,
NDPK6,-5.869937077648954,-8.954925132980446,-6.447307450825921,
2DGULRGy,-15.898275148789873,-17.871286969824148,-17.98522090499759,
2DGULRGx,2.8972902821479494,2.9751833230194613,1.578624288518892,
ALLULPE_reverse,3.8817987892475685,3.8817987892475685,3.8817987892475685,
GLUDy_reverse,72.42883764177849,70.72816880749156,68.43687154379359,
METS,2.304385777032877,2.014698371442684,0.35054116171754934,
G1SAT_reverse,7.857560730237401,7.857560730237401,7.857560730237401,
EX_imp_e,0.0,0.0,0.0,
PROD2,7.259434490162125,6.399037404134827,10.529239669871142,
EX_nac_e,0.0,0.0,0.0,
TAGURr,2.5588977144156377,2.4810046735441276,3.8775637080446925,
EX_glc_e,0.0,0.0,0.0,
GLYCDx,12.662666780556195,12.584773739684683,13.981332774185253,
RBP4E,-0.49444228264223966,-0.49444228264223966,-0.49444228264223966,
DSERDHr_reverse,-27.418020136669664,-29.391031957703937,-29.504965892877383,
ACOAD4f,37.25029143510883,36.78191433733808,40.36062325366951,
GALS3,-27.839575718751036,-27.839575718751036,-27.839575718751036,
EX_trp_L_e,0.0,0.0,0.0,
XYLK,-32.40401953335726,-35.48900758868875,-32.98138990653422,
U23GAAT,0.0,0.0,0.0,
AMPN,-29.929959193138533,-29.11068354642243,-29.016396945065274,
DXYLK,-21.47142709075797,-24.55641514608946,-22.048797463934935,
PAPPT3,-0.2379489612337693,-0.2379489612337693,-0.2379489612337693,
NADPHQR2,-91.6056341849291,-93.57864600596338,-93.69257994113681,
NADPHQR3,-55.563132544096305,-57.536144365130575,-57.65007830030402,
EX_gtp_e,0.0,0.0,0.0,
ADOCBLS,-82.56089092538258,-82.56089092538258,-82.56089092538258,
PPPGO3,11.473832161925015,10.193393592927801,8.370202550623539,
DDGALK,-23.382487416568665,-26.467475471900155,-23.95985778974563,
SERAT_reverse,15.366654215056743,15.229618579327324,13.900847008151754,
3OAR80,0.0,0.0,0.0,
AACPS4,0.0,0.0,0.0,
DCYTD,23.291855892320456,23.291855892320456,23.291855892320456,
VPAMTr_reverse,2.2347624235432413,2.7243817370713663,2.8753763264882513,
AP5AH,18.35624412304243,14.924966420202715,13.595711415288374,
PGPP160pp,0.0,0.0,0.0,
AB6PGH,39.069119133006346,37.909717282471235,37.343249994874746,
RNDR2b,0.0,0.0,0.0,
EX_gmp_e,0.0,0.0,0.0,
PRPPS_reverse,16.93261680447557,18.873361147821544,18.2456494336126,
FACOAE100,-27.485983706586588,-24.517499080469893,-25.024407073313856,
ADD,24.539517771551438,24.539517771551438,24.539517771551438,
ADA,30.609658250003235,30.609658250003235,30.609658250003235,
GALCTND,-41.90631251050175,-41.90631251050175,-41.90631251050175,
GLCDpp,-110.0181616165861,-110.0181616165861,-110.0181616165861,
EDTXS1,0.0,0.0,0.0,
EDTXS2,0.0,0.0,0.0,
HACD2_reverse,12.520615367537674,12.442722326666162,13.839281361166732,
OPHBDC,-24.95910337253426,-24.95910337253426,-24.95910337253426,
FA120ACPHi,0.0,0.0,0.0,
CYSTL,-35.760847490121535,-35.760847490121535,-35.760847490121535,
GTHPi,-304.925318312864,-302.42449898594907,-302.1421007573273,
EX_val_L_e,0.0,0.0,0.0,
UAGDP,-9.31447130129337,-9.509857221673204,-9.552108224531938,
TRSARr,-3.4936978937181777,-4.336492332341852,-7.195228869108522,
MANAO_reverse,-2.1381972860341865,-2.0603042451626745,-3.456863279663244,
PDX5POi,-112.74442549077888,-112.74442549077888,-112.74442549077888,
R5PPpp,-35.927939963913644,-35.28913573023536,-34.306310160066474,
EX_nh4_e_reverse,0.0,0.0,0.0,
SHCHD2,-54.30365818084597,-54.38155122171748,-52.98499218721691,
OXAMTC,7.321272276348864,7.321272276348864,7.321272276348864,
EX_ala_D_e,0.0,0.0,0.0,
SPODM,88.6664586091146,88.6664586091146,88.6664586091146,
EX_ag_e,0.0,0.0,0.0,
NTD8,-42.41555800540698,-42.41555800540698,-42.41555800540698,
NTD9,-29.168169297309746,-29.168169297309746,-29.168169297309746,
NTD6,-36.338919582836695,-36.338919582836695,-36.338919582836695,
NTD7,-49.91247096559851,-48.45439108520412,-47.37727891367808,
NTD4,-44.31975460749863,-44.31975460749863,-44.31975460749863,
NTD5,-27.413892314578476,-27.413892314578476,-27.413892314578476,
NTD2,-6.740267140317678,-6.740267140317678,-6.740267140317678,
NTD3,-32.63940998043617,-32.63940998043617,-32.63940998043617,
PDX5PO2,8.77328086548704,8.69538782461553,10.091946859116096,
EX_mn2_e,0.0,0.0,0.0,
METAT,-135.14192794330745,-130.24877818088876,-129.24802039346108,
GK1_reverse,0.9358669338107664,12.375512627789035,10.538310050822476,
3OAS120,0.0,0.0,0.0,
PPCK,-0.3259112660948933,1.5084011757441012,3.0545020643576564,
CTECOAI6,0.000852320703870646,0.000852320703870646,0.000852320703870646,
ADSL1r,20.099893079466987,20.790336408890205,19.7977930784698,
EX_na1_e_reverse,0.0,0.0,0.0,
CTECOAI8,0.0008523207034158986,0.0008523207034158986,0.0008523207034158986,
G6PDH2r,-18.8870186299527,-15.75460495838332,-15.074203735613386,
AMAOTr_reverse,14.163543609690786,18.593861142765178,16.012025376933305,
NACODA,-25.62550037634574,-25.62550037634574,-25.62550037634574,
GDPMNH,-22.111812758185504,-30.46647039683228,-31.136885502020245,
LPLIPAL1A120pp,0.0,0.0,0.0,
GDPMNP,-42.90689711869621,-42.90689711869621,-42.90689711869621,
EX_fe3_e,0.0,0.0,0.0,
ADK4_reverse,8.655623003909252,10.455676002600477,8.78938249245434,
ICHORS_reverse,-0.9809036674538447,-0.9809036674538447,-0.9809036674538447,
PHETA1_reverse,-17.07437245386847,-17.19010079615344,-15.393591876665965,
PAPA160,0.0,0.0,0.0,
PAPA161,0.0,0.0,0.0,
ACACT3r,34.395517640701605,36.889217072838676,36.768741666023274,
PGPP120pp,0.0,0.0,0.0,
PHETA1,17.07437245386847,17.19010079615344,15.393591876665965,
FMETTRS,0.0,0.0,0.0,
3OAR160_reverse,0.0,0.0,0.0,
PMANM_reverse,4.3200066593543625,4.3200066593543625,4.3200066593543625,
NTPP9,-30.002492339590304,-30.002492339590304,-30.002492339590304,
NTPP8,-73.09369595334088,-71.28190992510744,-69.99131112041371,
NTPP7,-78.85086670255613,-73.46264420648636,-74.05576763273217,
NTPP6,-65.7006646624778,-66.98559971911807,-66.14427554710969,
NTPP5,-63.56937466266909,-66.52019216814844,-67.25111208550207,
NTPP4,-60.799467758702896,-59.14483600773107,-58.65746136988426,
NTPP3,-69.46405771158152,-71.5893521587535,-72.98863140112059,
NTPP2,-66.7484206731414,-65.27781866674579,-63.37897155864694,
NTPP1,-52.55960143424645,-52.55960143424645,-52.55960143424645,
ACOTA_reverse,7.515825273300878,12.739599591282644,12.53207030181884,
FCLPA,17.369908618757037,18.298259038469485,15.056243485770707,
EX_etoh_e,0.0,0.0,0.0,
MAN6PI,-0.679463882964626,-0.679463882964626,-0.679463882964626,
EX_but_e,0.0,0.0,0.0,
EX_galur_e,0.0,0.0,0.0,
3HAD100,0.0,0.0,0.0,
HPPPNDO,-243.35827661138453,-243.35827661138453,-243.35827661138453,
AMPMS2,-293.0584330732478,-293.1363261141193,-291.73976707961873,
EX_h_e,0.0,0.0,0.0,
EX_pyr_e,0.0,0.0,0.0,
MCITD,-0.7603703986779351,-0.7603703986779351,-0.7603703986779351,
IG3PS,-42.54055297566292,-35.893170647782696,-37.06499831282078,
EX_nh4_e,0.0,0.0,0.0,
DNMPPA,-31.624149001494885,-31.624149001494885,-31.624149001494885,
PSSA181,0.0,0.0,0.0,
PSSA180,0.0,0.0,0.0,
DRPA,-11.015463654508068,-11.015463654508068,-11.015463654508068,
HACD3_reverse,8.506733740956877,8.428840700085365,9.825399734585934,
ACOAD2f_reverse,-36.12468440655679,-35.65630730878604,-39.23501622511747,
G1PTT,-20.641193866858302,-15.25297137078853,-15.846094797034329,
HACD7_reverse,8.506733740956877,8.428840700085365,9.825399734585934,
NNATr,-43.36482022050096,-43.19167539674685,-41.27323905321242,
ME1,-30.983666787238633,-32.844411389259115,-31.36013960214614,
SDPDS,6.622296782925837,8.34400713641103,7.820845630081915,
ECOAH5_reverse,-0.7080526193377921,-0.7080526193377921,-0.7080526193377921,
EX_gdp_e,0.0,0.0,0.0,
PPBNGS,-93.78688834196564,-93.78688834196564,-93.78688834196564,
3HAD80,0.0,0.0,0.0,
NHFRBO,-261.5350371723244,-261.4571441314529,-262.85370316595345,
ADNUC,-15.94542819145358,-15.94542819145358,-15.94542819145358,
IPPMIa_reverse,3.210368331948729,3.210368331948729,3.210368331948729,
TAGURr_reverse,-2.5588977144156377,-2.4810046735441276,-3.8775637080446925,
HISTRS,0.0,0.0,0.0,
CBPS,-36.72577553075043,-36.24836931353319,-32.40496161426221,
3OAR180_reverse,0.0,0.0,0.0,
TMPPP,-4.692498230935428,-4.692498230935428,-4.692498230935428,
LPLIPAL1A160pp,0.0,0.0,0.0,
EX_gly_e,0.0,0.0,0.0,
MMM,-5.93399109576808,-10.44664074668363,-7.210237034436128,
EX_orn_e,0.0,0.0,0.0,
EX_metsox_S_L_e,0.0,0.0,0.0,
EAR80y,0.0,0.0,0.0,
DHFR,-32.681810738226545,-34.654822559260815,-34.76875649443426,
DHFS,-52.464337322089655,-56.63848531520093,-51.153409305603844,
PERD_reverse,-8.73981641409013,-8.661923373218618,-10.058482407719188,
VALTA,-3.818998666949243,-2.1524207090981413,-2.4445749582105156,
TMAOR1,-195.3379942554332,-195.3379942554332,-195.3379942554332,
R5PP,-35.927939963913644,-35.28913573023536,-34.306310160066474,
LPLIPAL2A120,0.0,0.0,0.0,
ICHORS,0.9809036674538447,0.9809036674538447,0.9809036674538447,
ADK4,-8.655623003909252,-10.455676002600477,-8.78938249245434,
ADK3,-1.983622944474138,-10.667731575416525,-7.773006062359499,
ADK1,-6.664357111973403,-11.54939816599612,-7.375486973695457,
FEROpp,-20.7429513757142,-20.7429513757142,-20.7429513757142,
EX_rmn_e,0.0,0.0,0.0,
EX_gal_e,0.0,0.0,0.0,
SADH,33.99719486053895,33.99719486053895,33.99719486053895,
PGPP141,0.0,0.0,0.0,
PGPP140,0.0,0.0,0.0,
GLYAT_reverse,-38.56536939293881,-41.05906882507588,-40.93859341826048,
EX_succ_e,0.0,0.0,0.0,
EX_acmana_e,0.0,0.0,0.0,
EX_feoxam_e,0.0,0.0,0.0,
USHD,-49.4724166752882,-49.4724166752882,-49.4724166752882,
UAAGDS,-29.185106371408267,-32.27009442673976,-29.762476744585232,
PUNP4_reverse,-30.010714840473746,-20.002358020811386,-20.002358020811386,
EX_galct_D_e,0.0,0.0,0.0,
RNDR3b,0.0,0.0,0.0,
FA161ACPHi,0.0,0.0,0.0,
FUM_reverse,-3.0722134415460554,-2.7065417928774353,-2.534260199159382,
ACONMT,45.656915662539255,41.22659812946486,43.80843389529673,
DUTPDP,-59.44854088751546,-59.44854088751546,-59.44854088751546,
TREptspp,-59.15917700152645,-64.07847749869694,-63.11696070515597,
IPMD,8.73494172823827,8.65704868736676,10.053607721867326,
ALR2,-27.325977011677846,-29.29898883271212,-29.41292276788556,
FMNRx2,-38.43075737794398,-33.03170284044848,-40.48986434126962,
DHDPRy,-27.48541046955088,-29.458422290585155,-29.572356225758597,
EX_g3pi_e,0.0,0.0,0.0,
EX_enter_e,0.0,0.0,0.0,
ASAD_reverse,-7.646899988564389,-9.619911809598662,-9.733845744772115,
PGCD,4.423307032676316,1.931426388904903,5.790714791681012,
EX_cu2_e,0.0,0.0,0.0,
PLIPA1E161pp,0.0,0.0,0.0,
TPI,-9.143346428345989,-10.071696848058439,-6.829681295359661,
EX_fe3_e_reverse,0.0,0.0,0.0,
EX_acgam1p_e,0.0,0.0,0.0,
ORNDC,-36.85338400898823,-36.85338400898823,-36.85338400898823,
PGPP180pp,0.0,0.0,0.0,
EX_malttr_e,0.0,0.0,0.0,
ACACT7r_reverse,-34.393691279992204,-36.887390712129275,-36.76691530531387,
PDE1,-39.69472424337218,-41.15280412376656,-42.229916295292604,
CYTK1,-23.59970685355606,-26.684694908887558,-24.177077226733033,
CYTK2,-8.965007836619462,-12.049995891950953,-9.542378209796428,
AGPAT160,0.0,0.0,0.0,
AGPAT161,0.0,0.0,0.0,
EX_glyc_R_e,0.0,0.0,0.0,
PUNP2_reverse,-9.375923948317954,-9.375923948317954,-9.375923948317954,
NODOy,-467.48893894226455,-469.46195076329883,-469.5758846984723,
NODOx,-448.69337351132674,-448.6154804704552,-450.0120395049558,
PUNP6_reverse,-9.412396987069371,-9.412396987069371,-9.412396987069371,
DCTPD,9.969441634061518,7.844147186889543,6.4448679445224535,
ENO,8.833217126424652,13.75251762359514,12.791000830054166,
EX_man_e,0.0,0.0,0.0,
IPPMIb_reverse,3.1812215887043465,3.1812215887043465,3.1812215887043465,
G1SAT,-7.857560730237401,-7.857560730237401,-7.857560730237401,
ACOAD6f,37.25029143510883,36.78191433733808,40.36062325366951,
EX_dad_2_e,0.0,0.0,0.0,
MNNH,-37.42863385351603,-37.42863385351603,-37.42863385351603,
G5SD,-32.74491183874552,-34.7179236597798,-34.83185759495325,
DNTPPA,-62.22645142161687,-62.22645142161687,-62.22645142161687,
S7PI,1.5204316455781282,1.5204316455781282,1.5204316455781282,
PUNP1_reverse,-13.847805816322952,-13.847805816322952,-13.847805816322952,
RBK_L1,-21.468604667718353,-24.553592723049842,-22.045975040895318,
UAGAAT,0.0,0.0,0.0,
SBTPD,3.6674286616734424,3.5895356208019322,4.986094655302497,
LYSDC,-54.70133656024652,-56.26734389872904,-55.47752149252534,
UDPG4E_reverse,16.43859030242993,14.44915025736092,12.700624910271868,
ADNCYC,-26.005940419105794,-25.832795595351683,-23.914359251817253,
EX_fruur_e,0.0,0.0,0.0,
EX_galctn_D_e,0.0,0.0,0.0,
AMPTASECG,-10.547585853228583,-10.547585853228583,-10.547585853228583,
PDH,-46.00988450106987,-48.581476974078456,-47.064442532762484,
PUNP5_reverse,-8.688362424685181,-8.688362424685181,-8.688362424685181,
GALUi,-0.6491496590761159,-0.826803675911683,-1.2847302183070006,
G3PD2_reverse,-38.21853609892797,-34.16046647712143,-33.99413852127443,
EX_cobalt2_e_reverse,0.0,0.0,0.0,
EX_xylu_L_e,0.0,0.0,0.0,
THRA2i,-19.576379915681315,-19.576379915681315,-19.576379915681315,
ASPTA_reverse,4.495262475241018,6.174824385355958,7.769167296268341,
SDPTA_reverse,-13.826177175968333,-14.098520162715678,-11.92115683419116,
EX_glyc3p_e,0.0,0.0,0.0,
UPPRT,-30.933763176344478,-29.639149655960495,-28.442711627992168,
PGPP120,0.0,0.0,0.0,
GAPD_reverse,-11.234210562731633,-11.156317521860123,-12.552876556360689,
FEENTERR1,0.0,0.0,0.0,
FEENTERR2,0.0,0.0,0.0,
FEENTERR3,0.0,0.0,0.0,
UDPGPpp,-72.44454629426414,-70.45510624919513,-68.70658090210608,
ORPT_reverse,-4.421480494624285,-3.1268669742403006,-1.930428946271972,
PLIPA1A120pp,0.0,0.0,0.0,
EX_cbl1_e,0.0,0.0,0.0,
AACPS8,0.0,0.0,0.0,
AACPS9,0.0,0.0,0.0,
LPLIPAL2E120,0.0,0.0,0.0,
FACOAE120,-27.4859837065867,-24.517499080470003,-25.02440707331397,
EAR140x,0.0,0.0,0.0,
EAR140y,0.0,0.0,0.0,
AACPS6,0.0,0.0,0.0,
AACPS7,0.0,0.0,0.0,
AACPS1,0.0,0.0,0.0,
AACPS3,0.0,0.0,0.0,
GALCTLO,2.5588977144156377,2.4810046735441276,3.8775637080446925,
GHMT2r_reverse,17.058168706377366,19.41483250278502,17.96558552479405,
ACCOAL,-5.1233788608393915,-11.176851542287583,-8.16232586728908,
CITL,-30.67735877423619,-31.095142875068987,-36.657214797589404,
EX_xtsn_e,0.0,0.0,0.0,
ACCOAC,-20.951150420416738,-24.51092366972784,-21.61687340154476,
NMNAT,-1.077626277346452,0.260011993323066,0.8945280851224182,
AKGDH,-56.30219725969485,-55.65274222679995,-56.18558391278488,
EX_thm_e,0.0,0.0,0.0,
MANPGH,-9.137128751657244,-10.057816231152426,-11.519993733418529,
XPPT,-36.40126718670813,-35.10665366632415,-33.91021563835582,
ATPHs,16.025252743318088,16.1983975670722,18.116833910606633,
AICART_reverse,-8.96884532350623,-8.96884532350623,-8.96884532350623,
LCARR_reverse,11.204875603747668,11.126982562876158,12.523541597376724,
EX_tcynt_e,0.0,0.0,0.0,
EX_agm_e,0.0,0.0,0.0,
UDCPDPS,-608.7928288913226,-608.7928288913226,-608.7928288913226,
HSK,-40.04313692264691,-43.1281249779784,-40.62050729582387,
EX_co2_e,0.0,0.0,0.0,
EX_ptrc_e,0.0,0.0,0.0,
PPGPPDP,-24.23582569016848,-32.59048332881525,-33.260898434003224,
3OAR100,0.0,0.0,0.0,
OCTDPS,-380.4955180570788,-380.4955180570788,-380.4955180570788,
EX_glcur_e,0.0,0.0,0.0,
EX_cu2_e_reverse,0.0,0.0,0.0,
PRATPP,-98.7963962937396,-98.7963962937396,-98.7963962937396,
ALTRH,-37.42863385351603,-37.42863385351603,-37.42863385351603,
GPDDA2pp,-252.4970116630235,-245.53757980047024,-248.49933346214857,
ACACT4r_reverse,-34.39369127999266,-36.88739071212973,-36.76691530531433,
EX_rib_D_e,0.0,0.0,0.0,
PGI_reverse,19.98054751661072,18.821145666075612,18.254678378479117,
EX_man6p_e,0.0,0.0,0.0,
ULA4NFT,0.9946697722701288,0.9946697722701288,0.9946697722701288,
UDPKAAT,12.998927933529991,12.726584946782646,14.903948275307163,
CYNTAH,114.23319183665308,114.23319183665308,114.23319183665308,
CYTDH,-11.848304567331358,-11.848304567331358,-11.848304567331358,
EX_mmet_e,0.0,0.0,0.0,
EX_pi_e,0.0,0.0,0.0,
PAPA140,0.0,0.0,0.0,
PAPA141,0.0,0.0,0.0,
3OAR60_reverse,0.0,0.0,0.0,
ECOAH7_reverse,-0.7080526193373373,-0.7080526193373373,-0.7080526193373373,
QMO3,-88.60727137787126,-88.60727137787126,-88.60727137787126,
QMO2,-88.65913703392009,-88.65913703392009,-88.65913703392009,
PAPA120pp,0.0,0.0,0.0,
SELNPS,-155.36390493624893,-156.64883999288918,-155.8075158208808,
ANPRT,-72.87754353276664,-70.91717648241743,-70.35784858447163,
EX_glyald_e,0.0,0.0,0.0,
EX_din_e,0.0,0.0,0.0,
PSD180,0.0,0.0,0.0,
PSD181,0.0,0.0,0.0,
EX_hdcea_e,0.0,0.0,0.0,
3HAD120,0.0,0.0,0.0,
ARGDCpp,-45.249573642391745,-45.249573642391745,-45.249573642391745,
DAGK120,0.0,0.0,0.0,
NTD5pp,-27.413892314578476,-27.413892314578476,-27.413892314578476,
EX_glyc_e,0.0,0.0,0.0,
PAPA160pp,0.0,0.0,0.0,
EX_ddca_e,0.0,0.0,0.0,
THRAi,-20.04353079078448,-20.04353079078448,-20.04353079078448,
GARFT,1.7202460875269594,1.7202460875269594,1.7202460875269594,
G3PT,-37.29762683544469,-44.25705869799796,-41.29530503631963,
ADOCBIK,-41.595212791360666,-44.68020084669216,-42.17258316453763,
PPCDC,-38.06465551826878,-38.06465551826878,-38.06465551826878,
GGGABADr,-33.18281507263055,-31.209803251596277,-31.09586931642283,
HXPRT,-27.41008860195222,-26.11547508156824,-24.919037053599908,
GDPDPK,-41.464838972310005,-34.3951163903035,-32.883377113107144,
GLCP,0.0,0.0,0.0,
DDPGALA,-3.404641892315368,-3.404641892315368,-3.404641892315368,
CBIAT_reverse,0.0,0.0,0.0,
SHK3Dr_reverse,79.46438415208735,81.43739597312162,81.55132990829507,
LPLIPAL1A161pp,0.0,0.0,0.0,
DHORTS_reverse,-2.5340356413702327,3.7743343444692656,6.450905296774965,
UACMAMO,-45.22143398584842,-45.37722006759144,-42.5841019985903,
ECOAH6_reverse,-0.7080526193377921,-0.7080526193377921,-0.7080526193377921,
OHPBAT_reverse,3.5892083731088675,3.861551359856213,1.6841880313316935,
INSH,-21.104871583091295,-21.104871583091295,-21.104871583091295,
PLIPA2A120pp,0.0,0.0,0.0,
INSK,-16.19320120358509,-19.278189258916584,-16.77057157676206,
AMANAPEr,-2.175203306778485,-2.175203306778485,-2.175203306778485,
GND,-16.700803951012983,-15.376331647302244,-14.070727102410324,
ILETA_reverse,-8.896876757465698,-9.169219744213043,-6.991856415688526,
GNK,-8.722477334207406,-11.15892587221536,-9.842978799779308,
NADH10,-36.76756711315848,-36.68967407228697,-38.08623310678753,
PLIPA2A161pp,0.0,0.0,0.0,
EX_ile_L_e,0.0,0.0,0.0,
PYAM5PO,-20.639936242669393,-20.639936242669393,-20.639936242669393,
DHNPA2r_reverse,5.070321989216637,5.070321989216637,5.070321989216637,
NDPK3_reverse,-12.034152837808213,-7.294533031504904,-9.314776075812608,
3OAS80,0.0,0.0,0.0,
ALAALAD,-19.25000765257684,-19.25000765257684,-19.25000765257684,
EX_pydxn_e,0.0,0.0,0.0,
DADK,-11.640168096462137,-14.725156151793628,-12.217538469639104,
DADA,23.00527335989497,23.00527335989497,23.00527335989497,
ALAALAr,-33.124221187880835,-36.20920924321233,-33.701591561057796,
ACOAD4f_reverse,-37.25029143510883,-36.78191433733808,-40.36062325366951,
PSSA141,0.0,0.0,0.0,
PSSA140,0.0,0.0,0.0,
2AGPEAT120,0.0,0.0,0.0,
NTPP11,-62.17030733864655,-62.17030733864655,-62.17030733864655,
NTPP10,-62.17387812914174,-62.17387812914174,-62.17387812914174,
HPYRI_reverse,-1.4060476132803217,-1.4060476132803217,-1.4060476132803217,
XYLI1_reverse,-3.702946108564163,-3.702946108564163,-3.702946108564163,
LPLIPAL2A140,0.0,0.0,0.0,
PLIPA1A160pp,0.0,0.0,0.0,
DM_AACALD,0.0,0.0,0.0,
GLCRD,-41.906311867494566,-41.906311867494566,-41.906311867494566,
ALLTN,-59.6604617389163,-59.6604617389163,-59.6604617389163,
G6PDH2r_reverse,18.8870186299527,15.75460495838332,15.074203735613386,
DASYN180,0.0,0.0,0.0,
DASYN181,0.0,0.0,0.0,
NTD4pp,-44.31975460749863,-44.31975460749863,-44.31975460749863,
THIORDXi,-298.61977674255456,-298.61977674255456,-298.61977674255456,
ASCBPL,-95.31026552307364,-95.31026552307364,-95.31026552307364,
PGPP161,0.0,0.0,0.0,
PGPP160,0.0,0.0,0.0,
CDAPPA120,0.0,0.0,0.0,
DASYN160,0.0,0.0,0.0,
DASYN161,0.0,0.0,0.0,
EX_gthrd_e,0.0,0.0,0.0,
VPAMTr,-2.2347624235432413,-2.7243817370713663,-2.8753763264882513,
RNDR4,-58.310496839336274,-58.310496839336274,-58.310496839336274,
RNDR3,-40.71476785355844,-40.71476785355844,-40.71476785355844,
RNDR2,-54.86355782777626,-46.50890018912949,-45.83848508394152,
RNDR1,-60.343989317348466,-57.085856438262866,-57.67503777688295,
EX_15dap_e,0.0,0.0,0.0,
RNDR1b,0.0,0.0,0.0,
GMAND,-51.30906689074084,-51.30906689074084,-51.30906689074084,
PDXPP,-34.08624790318609,-34.08624790318609,-34.08624790318609,
HACD4_reverse,8.506733740957332,8.42884070008582,9.825399734586389,
EX_arg_L_e,0.0,0.0,0.0,
PSSA161,0.0,0.0,0.0,
LCARS_reverse,18.471288938944312,18.393395898072804,19.78995493257337,
TMDPP_reverse,-5.541811560534825,-5.541811560534825,-5.541811560534825,
PGMT,15.074276736873621,13.914874886338513,13.348407598742018,
EX_adocbl_e,0.0,0.0,0.0,
CHOLD,7.258103185134148,7.180210144262636,8.576769178763206,
PLIPA2A160pp,0.0,0.0,0.0,
FRUpts2pp,-54.59335283695177,-59.51265333412226,-58.55113654058129,
ACONTb_reverse,7.57318314310468,11.994474704448194,11.294590180368445,
FA100ACPHi,0.0,0.0,0.0,
NTD1,-29.332512546243862,-29.332512546243862,-29.332512546243862,
CYANSTpp,-47.791963087247645,-47.791963087247645,-47.791963087247645,
MICITDr_reverse,-0.7600952087727251,-0.7600952087727251,-0.7600952087727251,
NADH5,-72.81006875399127,-72.73217571311976,-74.12873474762033,
CHORM,-21.07120757668247,-21.07120757668247,-21.07120757668247,
PLIPA1E120pp,0.0,0.0,0.0,
MAN6PI_reverse,0.679463882964626,0.679463882964626,0.679463882964626,
CHORS,-63.990668965623485,-63.990668965623485,-63.990668965623485,
HCO3E,-7.944716410771896,-7.944716410771896,-7.944716410771896,
ADCS,-8.093046950077357,-1.44566462219713,-2.61749228723521,
AGPAT180,0.0,0.0,0.0,
IPDDI,-4.902389992930239,-4.902389992930239,-4.902389992930239,
AMANK,-22.217795897686813,-25.302783953018302,-22.795166270863778,
DMATT,-74.37875545505779,-74.37875545505779,-74.37875545505779,
PHETRS,0.0,0.0,0.0,
ACACT8r,-36.5380654094239,-39.03176484156097,-38.91128943474557,
ICDHyr,13.999506336896465,16.789335108963186,16.103174045218587,
EX_pydx_e,0.0,0.0,0.0,
FBP,-50.63014892565681,-48.26437792988286,-48.26437792988286,
EX_acser_e,0.0,0.0,0.0,
MDH_reverse,-0.015803996507575135,1.8449406055129138,0.36066881839993314,
FBA,-5.045797094959042,-1.7516756794726476,-4.993691232171425,
FBA_reverse,5.045797094959042,1.7516756794726476,4.993691232171425,
PTRCTA,16.38283096887327,16.65517395562062,14.4778106270961,
ACOAD8f,37.25029143510883,36.78191433733808,40.36062325366951,
ARGTRS,0.0,0.0,0.0,
TGBPA_reverse,-16.847432096784914,-17.77578251649736,-14.533766963798584,
GLUSy,-34.66667363791834,-29.719960144325047,-33.183085073061086,
LSERDHr_reverse,-16.080239743868976,-15.696587768495593,-17.25976868166001,
A5PISO_reverse,2.6176948877010773,2.6176948877010773,2.6176948877010773,
ACONTa_reverse,3.5749314389147724,-0.42857602159593977,5.833380425004222,
ABUTD,-62.39224281793061,-62.47013585880212,-61.073576824301554,
ICL,7.846900786356535,9.568611139841728,9.045449633512613,
TRPAS2_reverse,41.84955342585927,39.611435147047075,35.526249466718696,
NO3R1bpp,-57.78698830909386,-57.78698830909386,-57.78698830909386,
EX_octa_e,0.0,0.0,0.0,
PFK,-1.7440799148010342,-7.194838965906474,-4.687221283751947,
PFL,-23.144936936534126,-25.638636368671204,-25.518160961855802,
GRXR,0.0,0.0,0.0,
EX_ppa_e,0.0,0.0,0.0,
ALLULPE,-3.8817987892475685,-3.8817987892475685,-3.8817987892475685,
GUAPRT,-48.42976804905108,-37.12679770900473,-35.93035968103639,
TYRTRS,0.0,0.0,0.0,
PGK_reverse,6.561694577290314,12.060670235521709,7.090323185091645,
KG6PDC,-25.939557555139146,-25.939557555139146,-25.939557555139146,
ATPM,-52.374228840457576,-55.45921689578907,-52.95159921363454,
FACOAE141,-27.48634794274097,-24.517863316624272,-25.02477130946824,
FACOAE140,-27.485983706586815,-24.517499080470117,-25.024407073314084,
EX_pheme_e,0.0,0.0,0.0,
GLCRAL,4.981642887334317,4.981642887334317,4.981642887334317,
NNDMBRT,-24.979825798089678,-24.979825798089678,-24.979825798089678,
SERASr_reverse,-1134.9314410749528,-1132.7479221022993,-1136.1156054238247,
PYNP2r,-17.228723497477635,-17.228723497477635,-17.228723497477635,
EX_fum_e,0.0,0.0,0.0,
ACODA,-47.93034859828585,-53.426465903014964,-51.041573285026644,
LALDO2x,-6.053125185501203,-5.975232144629693,-7.371791179130258,
EX_mobd_e_reverse,-17.114837534721033,-17.114837534721033,-17.114837534721033,
DKGLCNR2x,-13.794714374322199,-13.716821333450687,-15.113380367951256,
DKGLCNR2y,-32.590279805260025,-34.563291626294294,-34.677225561467736,
GLCS1,0.0,0.0,0.0,
ACOATA_reverse,0.0,0.0,0.0,
GPDDA5pp,-263.2203564366958,-255.74295492287894,-258.7579929285272,
GTPDPK,-47.46487068666215,-47.27920373690681,-44.53903245679956,
UGLT,-22.260246993916553,-20.270806948847543,-18.522281601758493,
3OAR120,0.0,0.0,0.0,
5DGLCNR,-22.99424317366293,-24.967254994697207,-25.08118892987065,
FCLPA_reverse,-17.369908618757037,-18.298259038469485,-15.056243485770707,
LSERDHr,16.080239743868976,15.696587768495593,17.25976868166001,
MICITDr,0.7600952087727251,0.7600952087727251,0.7600952087727251,
ACHBS,-18.7490093780479,-18.7490093780479,-18.7490093780479,
EAR160x,0.0,0.0,0.0,
EAR160y,0.0,0.0,0.0,
METOX1s,4.72030489392398,5.009992299514172,6.674149509239307,
PPK2r,-20.862116756824626,-23.947104812156116,-21.43948713000159,
EX_asn_L_e,0.0,0.0,0.0,
ABTA,19.67244777687734,19.944790763624688,17.767427435100167,
UDPKAAT_reverse,-12.998927933529991,-12.726584946782646,-14.903948275307163,
RPI_reverse,15.778038558020224,15.139234324341945,14.15640875417306,
EX_malt_e,0.0,0.0,0.0,
HMBS,-65.12840419561476,-65.12840419561476,-65.12840419561476,
GTPCI,-133.76233975987972,-132.2917377534841,-130.39289064538525,
EX_galctn_L_e,0.0,0.0,0.0,
PAPA161pp,0.0,0.0,0.0,
EX_tartr_L_e,0.0,0.0,0.0,
DHBD_reverse,26.287341938540212,23.643284059781966,23.2693353031974,
FCI,5.474931796544524,5.474931796544524,5.474931796544524,
EX_12ppd_R_e,0.0,0.0,0.0,
TMAOR1pp,-195.3379942554332,-195.3379942554332,-195.3379942554332,
ECOAH2_reverse,-1.0292336777099536,-1.0292336777099536,-1.0292336777099536,
DM_OXAM,0.0,0.0,0.0,
SADT2,-17.227569999569127,-23.938480808066174,-20.791612461620865,
UDCPDP,-46.72420424175735,-46.72420424175735,-46.72420424175735,
NTP10,-54.36549473239352,-54.36549473239352,-54.36549473239352,
NTP11,-47.93638783561326,-47.93638783561326,-47.93638783561326,
NTP12,-47.934578558417144,-47.934578558417144,-47.934578558417144,
DHAD1,-35.51559240288893,-35.51559240288893,-35.51559240288893,
DHAD2,-35.515538643027384,-35.515538643027384,-35.515538643027384,
ADPT,-18.83808866486438,-19.00155502487478,-18.88222916843249,
GLTPD,2.200759433402647,2.1228663925311366,3.5194254270317016,
HACD6,-8.506733740957332,-8.42884070008582,-9.825399734586389,
EX_xyl_D_e,0.0,0.0,0.0,
FRULYSDG_reverse,-24.576951891449305,-24.983557379396718,-23.627267685596536,
EX_acgam_e,0.0,0.0,0.0,
3OAS180,0.0,0.0,0.0,
EX_cu_e,0.0,0.0,0.0,
EX_lys_L_e,0.0,0.0,0.0,
KARA1_reverse,-27.523222437812276,-29.49623425884655,-29.610168194019995,
CTECOAI6_reverse,-0.000852320703870646,-0.000852320703870646,-0.000852320703870646,
EX_cbi_e,0.0,0.0,0.0,
ARGDC,-45.249573642391745,-45.249573642391745,-45.249573642391745,
CAT,-175.9494991667804,-175.9494991667804,-175.9494991667804,
FA160ACPHi,0.0,0.0,0.0,
VALTA_reverse,3.818998666949243,2.1524207090981413,2.4445749582105156,
HEX1,-4.0385516027363995,-8.282941508602997,-6.3417911140449625,
DAGK141,0.0,0.0,0.0,
DAGK140,0.0,0.0,0.0,
HEX4,-26.05095795367606,-29.13594600900755,-26.628328326853026,
HEX7,-23.919793319300595,-27.004781374632085,-24.49716369247756,
PPNDH,-75.07104917729202,-73.14986145733151,-73.83315934251412,
PGL,-4.209434533175475,-3.560895015851937,-4.752565625570412,
PGM,14.042367817112869,16.45635542001277,13.99362605173723,
PGK,-6.561694577290314,-12.060670235521709,-7.090323185091645,
PGI,-19.98054751661072,-18.821145666075612,-18.254678378479117,
DMSOR1pp,-203.9575075938848,-203.9575075938848,-203.9575075938848,
ASPTRS,0.0,0.0,0.0,
EX_acac_e,0.0,0.0,0.0,
FDMO2,-79.51644571415957,-86.88851207268935,-79.54428450704165,
FADRx,-14.101676153185746,-14.492160210084977,-12.310010328254123,
FTHFLi,-10.540139503735587,-13.625127559067078,-11.117509876912553,
FDMO6,-97.26495267119431,-104.63701902972409,-97.29279146407639,
UAG2E_reverse,22.59479514250177,20.587623193888493,19.254773386336026,
EAR100y,0.0,0.0,0.0,
AAMYLpp,0.0,0.0,0.0,
OHPBAT,-3.5892083731088675,-3.861551359856213,-1.6841880313316935,
EX_dgmp_e,0.0,0.0,0.0,
ALATA_L_reverse,6.053761090492427,4.876802446169451,5.3199512846987105,
UDCPDPpp,-46.72420424175735,-46.72420424175735,-46.72420424175735,
EX_udpg_e,0.0,0.0,0.0,
MN6PP,-26.323270886781557,-26.323270886781557,-26.323270886781557,
PRMICI_reverse,5.763624878174671,5.763624878174671,5.763624878174671,
PAPA180,0.0,0.0,0.0,
PAPA181,0.0,0.0,0.0,
CYSSADS,-257.94216700563663,-258.84678266321225,-260.58099715320753,
EX_his_L_e,0.0,0.0,0.0,
ALDD3y,-45.6446747955919,-43.67166297455763,-43.557729039384185,
PRAIi,-5.785318542470083,-5.785318542470083,-5.785318542470083,
PAPSR,-57.27695186432376,-57.27695186432376,-57.27695186432376,
PLIPA1A161pp,0.0,0.0,0.0,
PRAIS,48.81569927048022,45.73071121514873,48.23832889730326,
ALR4x,-8.727589208508862,-8.64969616763735,-10.04625520213792,
HACD5_reverse,8.506733740957332,8.42884070008582,9.825399734586389,
EX_cys_L_e,0.0,0.0,0.0,
NTD7pp,-49.91247096559851,-48.45439108520412,-47.37727891367808,
PSCVT_reverse,25.54073254904234,30.46003304621283,29.498516252671855,
EX_taur_e,0.0,0.0,0.0,
EX_pro_L_e,0.0,0.0,0.0,
EX_5mtr_e,0.0,0.0,0.0,
NTRIR3pp,42.70451094254679,42.70451094254679,42.70451094254679,
HXCT,-20.824063142916334,-21.29884833689595,-20.91241575086739,
3OAS60,0.0,0.0,0.0,
AGDC,-7.159380665413428,-9.916044958491355,-10.359916656703035,
GLCptspp,-34.712111120387576,-40.79081346809318,-40.39576396214869,
PGPP141pp,0.0,0.0,0.0,
PSSA160,0.0,0.0,0.0,
PYK,-30.673559517651192,-32.50787195949019,-34.05397284810375,
ATHRDHr,24.05917221147629,26.032184032510564,26.146117967684006,
EX_cys_D_e,0.0,0.0,0.0,
LCARS,-18.471288938944312,-18.393395898072804,-19.78995493257337,
LCARR,-11.204875603747668,-11.126982562876158,-12.523541597376724,
PSP_L,-16.752731389056684,-14.396067592649025,-15.845314570639998,
AIRC3_reverse,38.19031791056182,38.19031791056182,38.19031791056182,
SPMDAT1,-20.128803477501574,-17.6351040453645,-17.755579452179898,
SPMDAT2,-20.01753258189748,-17.523833149760407,-17.644308556575805,
LPLIPAL2A160,0.0,0.0,0.0,
LPLIPAL2A161,0.0,0.0,0.0,
PPKr_reverse,19.990792933993582,23.07578098932507,20.568163307170547,
ACOAD7f,39.394665564540254,38.926288466769506,42.504997383100935,
EX_mal_L_e,0.0,0.0,0.0,
OPHHX3,-98.0718568604043,-104.3197260119388,-97.90793161312918,
EX_met_D_e,0.0,0.0,0.0,
DHBD,-26.287341938540212,-23.643284059781966,-23.2693353031974,
KARA1,27.523222437812276,29.49623425884655,29.610168194019995,
KARA2,-27.52321215900488,-29.496223980039154,-29.610157915212596,
ILETA,8.896876757465698,9.169219744213043,6.991856415688526,
DHBS,1133.1206401522452,1130.5718340563694,1133.51288067782,
FCI_reverse,-5.474931796544524,-5.474931796544524,-5.474931796544524,
CDAPPA141,0.0,0.0,0.0,
CDAPPA140,0.0,0.0,0.0,
ACOAD3f_reverse,-37.2502914351086,-36.78191433733785,-40.36062325366928,
DASYN140,0.0,0.0,0.0,
DASYN141,0.0,0.0,0.0,
HACD1,-13.725623535545763,-13.647730494674253,-15.04428952917482,
AOXSr2,0.0,0.0,0.0,
HACD3,-8.506733740956877,-8.428840700085365,-9.825399734585934,
HACD2,-12.520615367537674,-12.442722326666162,-13.839281361166732,
HACD5,-8.506733740957332,-8.42884070008582,-9.825399734586389,
HACD4,-8.506733740957332,-8.42884070008582,-9.825399734586389,
HACD7,-8.506733740956877,-8.428840700085365,-9.825399734585934,
SOTA,11.868699122515558,12.141042109262903,9.963678780738386,
HACD8,-8.506733740956877,-8.428840700085367,-9.825399734585933,
AMALT1,-1.1683730254165994,-1.1683730254165994,-1.1683730254165994,
EX_zn2_e,0.0,0.0,0.0,
G3PAT140,0.0,0.0,0.0,
DOGULNR,-8.75808996754593,-8.680196926674418,-10.076755961174987,
ADSS,-34.40829929384019,-43.24425982295364,-41.43280740243062,
SHSL1,-47.82673631715873,-46.10502596367354,-46.62818747000265,
MTHFR2,-25.899648490134652,-25.821755449263144,-27.21831448376371,
EX_inost_e,0.0,0.0,0.0,
ADSK,-28.89836042084305,-31.98334847617454,-29.475730794020016,
EX_26dap_M_e,0.0,0.0,0.0,
GSPMDA,2.9943343674234155,3.139266119247246,1.1764547052274645,
ALATA_L,-6.053761090492427,-4.876802446169451,-5.3199512846987105,
ACACT5r_reverse,-34.393691279992204,-36.887390712129275,-36.76691530531387,
SERTRS,0.0,0.0,0.0,
GSPMDS,-55.368563207881095,-58.598483015036415,-54.12805391886211,
LPLIPAL2A180,0.0,0.0,0.0,
LPLIPAL2A181,0.0,0.0,0.0,
AIRC2,-73.77702649274926,-76.86201454808075,-74.35439686592622,
AIRC3,-38.19031791056182,-38.19031791056182,-38.19031791056182,
DB4PS,-101.8342196910194,-101.8342196910194,-101.8342196910194,
HISTP,-30.125401914175086,-29.12081081750093,-29.069723925116325,
NTD6pp,-36.338919582836695,-36.338919582836695,-36.338919582836695,
GLYCK,-20.47723189714366,-20.227544870080067,-18.720479053934977,
TMDS,-44.55255916569865,-44.55255916569865,-44.55255916569865,
GLYCL,-28.589197786689834,-28.667090827561342,-27.27053179306078,
HISTD,-26.863918775657382,-26.06417727488489,-24.44081687713797,
ASP1DC,-55.62020993907229,-57.57211483593457,-56.98909441832244,
XYLI1,3.702946108564163,3.702946108564163,3.702946108564163,
XYLI2,-0.09930580004652256,-0.09930580004652256,-0.09930580004652256,
THRTRS,0.0,0.0,0.0,
SSALx,-32.52807531889629,-30.884258006282607,-30.010860478111155,
SSALy,-13.732509887958468,-10.037787713439002,-10.447015284594674,
SERD_D,-18.576039362257262,-18.576039362257262,-18.576039362257262,
PGPP140pp,0.0,0.0,0.0,
EX_met_L_e,0.0,0.0,0.0,
SERD_L,-29.01578616167081,-31.372449958078466,-29.923202980087495,
ACBIPGT,24.395708923021914,25.86631092941752,27.76515803751638,
ALDD19xr_reverse,50.40880390466754,50.48669694553905,49.09013791103848,
ALATA_L2,-17.50539460485351,-16.60077894727788,-14.866564457282621,
PPPGO,25.671235301676557,25.671235301676557,25.671235301676557,
EX_2ddglcn_e,0.0,0.0,0.0,
DHORDfum,-52.71511803970653,-54.797087623493276,-55.055914083331515,
EX_mso3_e,0.0,0.0,0.0,
NTD12pp,-32.03257922271197,-32.03257922271197,-32.03257922271197,
EX_fe2_e_reverse,0.0,0.0,0.0,
PRASCSi,-99.24053975433702,-104.27743270653079,-101.18679460676414,
RPE,-3.373468274872266,-3.373468274872266,-3.373468274872266,
PLIPA1E141pp,0.0,0.0,0.0,
BETALDHx,-50.54157078906839,-50.619463829939896,-49.22290479543933,
BETALDHy,-31.746005358130564,-29.77299353709629,-29.659059601922845,
RPI,-15.778038558020224,-15.139234324341945,-14.15640875417306,
MCOATA,0.0,0.0,0.0,
G3PD2,38.21853609892797,34.16046647712143,33.99413852127443,
RBK,-16.446288876544088,-20.17008116555386,-18.64528905356822,
G3PD6,-17.344596445168264,-23.375677888009083,-23.655939779029527,
G3PD5,-53.38709808600107,-59.41817952884188,-59.69844141986233,
LCADi,-60.90291876912109,-60.980811809992595,-59.58425277549203,
EX_amp_e,0.0,0.0,0.0,
UDPGALPpp,-50.18429930034765,-50.18429930034765,-50.18429930034765,
RMPA,3.977497163985318,4.905847583697767,1.6638320309989902,
GLXCL,-16.4864987799356,-16.4864987799356,-16.4864987799356,
GALKr_reverse,20.23564256587167,23.32063062120316,20.813012939048637,
MCITS,-29.283919976786187,-26.31543535066949,-26.822343343513452,
G3PAT180,0.0,0.0,0.0,
PYDXNK,-18.287980937271527,-21.372968992603017,-18.865351310448492,
GARFT_reverse,-1.7202460875269594,-1.7202460875269594,-1.7202460875269594,
XYLI2_reverse,0.09930580004652256,0.09930580004652256,0.09930580004652256,
G3PAT160,0.0,0.0,0.0,
GLYCLTDx,-32.67624579230535,-32.59835275143384,-33.994911785934406,
LYXI,12.746884471796932,12.746884471796932,12.746884471796932,
EX_fecrm_e,0.0,0.0,0.0,
NAMNPP,-65.94560365880469,-67.73597819375219,-64.03192248362933,
ACOTA,-7.515825273300878,-12.739599591282644,-12.53207030181884,
DAAD,15.884684908389666,15.416307810618921,18.99501672695035,
FALGTHLs,-18.649567346942685,-18.794499098766515,-16.831687684746733,
ALCD2x,9.762504854190881,9.684611813319371,11.081170847819937,
UAPGR,-67.62337574222141,-69.59638756325569,-69.71032149842912,
ACANTHAT,-19.29539704904842,-16.135944086946115,-16.893529623784048,
ATPPRT,-85.65999036448186,-84.19223202034377,-81.077357648841,
ACOAD8f_reverse,-37.25029143510883,-36.78191433733808,-40.36062325366951,
EX_ttdca_e,0.0,0.0,0.0,
EX_udpglcur_e,0.0,0.0,0.0,
EX_cgly_e,0.0,0.0,0.0,
DHQS,-147.00039858637606,-147.00039858637606,-147.00039858637606,
ACGS,-57.547688073010704,-56.14314857865342,-53.286165658026256,
ARGSL_reverse,-22.44413630259051,-24.59265951240811,-24.677228353513748,
RNDR4b,0.0,0.0,0.0,
DM_AMOB,0.0,0.0,0.0,
F6PA_reverse,-1.5264211078190613,-1.5264211078190613,-1.5264211078190613,
PLIPA1E140pp,0.0,0.0,0.0,
ACGK,23.82904883425266,20.74406077892117,23.251678461075695,
TGBPA,16.847432096784914,17.77578251649736,14.533766963798584,
FALDH2_reverse,29.0885808126463,29.166473853517807,27.76991481901724,
GPDDA4pp,-265.44836797149196,-258.48893610893873,-261.45068977061703,
GK1,-0.9358669338107664,-12.375512627789035,-10.538310050822476,
SGSAD,-55.09580931500746,-55.173702355878966,-53.777143321378404,
GGGABADr_reverse,33.18281507263055,31.209803251596277,31.09586931642283,
FACOAE161,-27.487200263444386,-24.518715637327688,-25.025623630171655,
FACOAE160,-24.742822761355747,-21.77433813523905,-22.281246128083016,
DURIPP_reverse,-3.4345580227450228,-3.4345580227450228,-3.4345580227450228,
ALDD2y,-43.23947351673198,-41.26646169569771,-41.152527760524265,
ALDD2x,-62.035038947669804,-62.11293198854131,-60.71637295404075,
GCALDD,-73.83028015493669,-73.90817319580819,-72.51161416130763,
ANS,-86.50592897826604,-80.52430018035105,-81.0590177153666,
ACACT2r_reverse,-36.959850733809056,-39.453550165946126,-39.333074759130724,
L_LACD2,-57.24256324690856,-57.24256324690856,-57.24256324690856,
L_LACD3,-21.200061606075757,-21.200061606075757,-21.200061606075757,
NADN,-76.7587332353171,-77.92322668223251,-76.63930643049743,
EX_cobalt2_e,0.0,0.0,0.0,
EX_cyan_e,0.0,0.0,0.0,
GUAD,12.45584116317444,22.464197982836804,22.464197982836804,
NO3R2bpp,-93.82948994992665,-93.82948994992665,-93.82948994992665,
TMK,-13.608496448575236,-16.693484503906728,-14.185866821752203,
GLUCYS,-68.32441449858862,-72.49856249169991,-67.01348648210282,
EX_mg2_e,0.0,0.0,0.0,
NTRIR2x,205.5922769650706,205.82595608768514,201.63627898418343,
ECOAH1_reverse,-3.7938150967102047,-3.7938150967102047,-3.7938150967102047,
TALA,-0.6860378517845902,-0.6860378517845902,-0.6860378517845902,
HSDy_reverse,-29.77848530041035,-31.751497121444622,-31.865431056618068,
HSST,-18.660272958022098,-20.204437982820956,-17.474942263417418,
3OAR140,0.0,0.0,0.0,
EX_alaala_e,0.0,0.0,0.0,
EX_isetac_e,0.0,0.0,0.0,
DXPRIi,-29.107015963088454,-31.080027784122727,-31.193961719296173,
EX_glu_L_e,0.0,0.0,0.0,
PAPSR2,0.0,0.0,0.0,
HKNDDH,-56.95996922815187,-55.23825887466668,-55.761420380995794,
FACOAE181,-27.486347942740515,-24.517863316623817,-25.024771309467784,
FACOAE180,-27.485983706586588,-24.51749908046989,-25.024407073313856,
PUNP6,9.412396987069371,9.412396987069371,9.412396987069371,
PUNP7,10.333449345885924,10.333449345885924,10.333449345885924,
PUNP1,13.847805816322952,13.847805816322952,13.847805816322952,
PUNP2,9.375923948317954,9.375923948317954,9.375923948317954,
EX_ser_L_e,0.0,0.0,0.0,
LPLIPAL2E180,0.0,0.0,0.0,
LPLIPAL2E181,0.0,0.0,0.0,
EX_gln_L_e,0.0,0.0,0.0,
PMPK,-10.093641198348847,-13.178629253680338,-10.671011571525813,
ASPO3,-41.06215366714722,-43.0140585640095,-42.43103814639737,
ASPO4,-5.019652026314283,-6.971556923176564,-6.388536505564431,
ASPO5,-15.642976126422905,-18.021693879617594,-18.046403809440214,
ASPO6,-89.76979126942186,-91.72169616628415,-91.13867574867201,
MDH3,-36.751763116650785,-38.534614677799766,-38.44690192518735,
MDH2,-72.79426475748382,-74.57711631863279,-74.48940356602037,
EX_mobd_e,17.114837534721033,17.114837534721033,17.114837534721033,
PPM2_reverse,14.784850040606672,14.784850040606672,14.784850040606672,
EX_ocdcea_e,0.0,0.0,0.0,
PGLYCP,-45.92995357080119,-45.92995357080119,-45.92995357080119,
DMSOR1,-203.9575075938848,-203.9575075938848,-203.9575075938848,
HEMEOS,-46.046202821605675,-46.046202821605675,-46.046202821605675,
NADTRHD,-18.79556543093782,-20.84647029284361,-19.56384519351648,
IPPS,-26.817474652812503,-24.32377522067543,-24.444250627490828,
3KGK,-24.46681878304321,-27.5518068383747,-25.044189156220174,
EX_no3_e,0.0,0.0,0.0,
PUNP7_reverse,-10.333449345885924,-10.333449345885924,-10.333449345885924,
MMCD,-28.200456702333284,-28.200456702333284,-28.200456702333284,
GAL1PPpp,-32.13858627458595,-32.13858627458595,-32.13858627458595,
EAR100x,0.0,0.0,0.0,
NTPTP1,-78.81890081044381,-78.81890081044381,-78.81890081044381,
NTPTP2,-96.98457821038889,-95.51397620399327,-93.61512909589442,
EX_ttdcea_e,0.0,0.0,0.0,
DAGK161,0.0,0.0,0.0,
DAGK160,0.0,0.0,0.0,
PSD120,0.0,0.0,0.0,
PPK2r_reverse,20.862116756824626,23.947104812156116,21.43948713000159,
PSERT,-24.492920734340125,-24.76526372108747,-22.58790039256295,
UAGAAT_reverse,0.0,0.0,0.0,
AICART,8.96884532350623,8.96884532350623,8.96884532350623,
NNDPR,-54.25978393886891,-50.599435012866905,-48.799578990065754,
GP4GH,-36.40737230368966,-53.11668758098321,-54.457517791359145,
ACOAD6f_reverse,-37.25029143510883,-36.78191433733808,-40.36062325366951,
ACNML,-9.234883960715166,-9.234883960715166,-9.234883960715166,
GALCTD,-41.906311867494566,-41.906311867494566,-41.906311867494566,
MACPD,0.0,0.0,0.0,
ALDD4,-56.80298968779876,-56.880882728670265,-55.4843236941697,
PTPATi,-35.49505430981365,-35.321909486059546,-33.403473142525115,
AHCYSNS,-30.95834372850462,-30.95834372850462,-30.95834372850462,
EX_h2o_e,0.0,0.0,0.0,
GGPTRCO,-16.775054766265868,-16.775054766265868,-16.775054766265868,
GLGC,-26.051025689687226,-25.87788086593311,-23.95944452239868,
TKT2,-10.13160544044581,-10.13160544044581,-10.13160544044581,
TKT1,-21.653307708099472,-21.014503474421193,-20.03167790425231,
GLCATr,0.4227404164977355,2.916439848634811,2.795964441819411,
EX_chol_e,0.0,0.0,0.0,
GGPTRCS,-56.53734094354638,-60.711488936657666,-55.22641292706058,
EX_h2s_e,0.0,0.0,0.0,
NTRIR4pp,42.86010791069339,42.86010791069339,42.86010791069339,
SERAT,-15.366654215056743,-15.229618579327324,-13.900847008151754,
EX_melib_e,0.0,0.0,0.0,
EX_n2o_e,0.0,0.0,0.0,
NDPK2_reverse,6.197733918760068,11.094508002325005,9.877489124864212,
MCITL2_reverse,-8.559703419875795,-10.281413773360988,-9.758252267031873,
CHRPL,-95.15691406871439,-88.43475225140894,-90.87434342131434,
EX_cbl1_e_reverse,0.0,0.0,0.0,
EX_lac_L_e,0.0,0.0,0.0,
ACM6PH,-22.422201149730796,-22.422201149730796,-22.422201149730796,
PMDPHT,-30.899558227438234,-30.899558227438234,-30.899558227438234,
ACALD,-13.725382696719027,-16.296975169727617,-14.779940728411646,
ARAI_reverse,-4.893341606358433,-4.893341606358433,-4.893341606358433,
CBMKr_reverse,78.86656282545525,81.95155088078674,79.44393319863221,
GLU5K,-8.07910210481208,-12.253250097923363,-6.768174088326276,
GDPTPDP,-18.235793975816332,-19.70639598221194,-21.605243090310797,
GLYCK2,-34.51959971425664,-36.68390029009295,-32.714105105672324,
G6PDA,-36.52398398872379,-33.76731969564587,-33.32344799743419,
SPODMpp,88.6664586091146,88.6664586091146,88.6664586091146,
ACACCT,-2.509495053654467,-2.984280247634084,-2.597847661605524,
MLTG1,-30.02701337826798,-30.02701337826798,-30.02701337826798,
MLTG2,-30.50395360192229,-30.50395360192229,-30.50395360192229,
DKGLCNR1,-39.686247830133084,-41.65925965116735,-41.773193586340795,
HXAND,5.28651398441251,5.208620943540998,6.605179978041567,
EX_indole_e,0.0,0.0,0.0,
LDH_D,12.499229367894246,12.421336327022736,13.817895361523302,
OMCDC,-33.086530068242126,-33.086530068242126,-33.086530068242126,
EX_dcyt_e,0.0,0.0,0.0,
SELCYSS,0.0,0.0,0.0,
SARCOX,-94.12962738436332,-94.12962738436332,-94.12962738436332,
ACS,-17.39100841152714,-21.16964290030449,-20.207843321480695,
EX_damp_e,0.0,0.0,0.0,
UHGADA,-24.26485042097275,-24.26485042097275,-24.26485042097275,
METOX2s,4.72030489392398,5.009992299514172,6.674149509239307,
ME2,-12.188101356300805,-11.997941096415513,-11.796294408629649,
EX_lipa_e,0.0,0.0,0.0,
MCOATA_reverse,0.0,0.0,0.0,
EX_ala_B_e,0.0,0.0,0.0,
FDMO,-98.4870738365282,-105.85914019505798,-98.51491262941028,
PYDXPP,-28.208046365281376,-28.208046365281376,-28.208046365281376,
EX_ala_L_e,0.0,0.0,0.0,
EX_alltn_e,0.0,0.0,0.0,
EAR60x,0.0,0.0,0.0,
EAR60y,0.0,0.0,0.0,
CDAPPA161,0.0,0.0,0.0,
CDAPPA160,0.0,0.0,0.0,
NTD1pp,-29.332512546243862,-29.332512546243862,-29.332512546243862,
AGPR_reverse,-29.7895305794046,-31.762542400438875,-31.876476335612328,
EX_crn_D_e,0.0,0.0,0.0,
DASYN120,0.0,0.0,0.0,
MTHFC,-5.888430765390979,-5.888430765390979,-5.888430765390979,
EX_gsn_e,0.0,0.0,0.0,
MTHFD,16.860301334738548,18.83331315577282,18.947247090946266,
TRPS2,-36.96350614831865,-41.5582882235385,-44.19422692587591,
TRPS3,2.070865620149192,2.070865620149192,2.070865620149192,
TRPS1,-34.89264052816948,-39.487422603389334,-42.123361305726746,
TDPGDH,-46.206228197970404,-46.206228197970404,-46.206228197970404,
3HAD60,0.0,0.0,0.0,
OMPDC,-42.28833542659723,-42.28833542659723,-42.28833542659723,
2AGPEAT161,0.0,0.0,0.0,
2AGPEAT160,0.0,0.0,0.0,
HACD1_reverse,13.725623535545763,13.647730494674253,15.04428952917482,
KARA2_reverse,27.52321215900488,29.496223980039154,29.610157915212596,
OHPHM,-24.68898995878991,-29.119307491864305,-26.537471726032432,
EX_tyr_L_e,0.0,0.0,0.0,
UACGAMPpp,-63.779224652046835,-61.77205270343355,-60.43920289588108,
ACACT6r_reverse,-34.39369127999266,-36.88739071212973,-36.76691530531433,
EX_dcmp_e,0.0,0.0,0.0,
EX_so3_e,0.0,0.0,0.0,
ACOAD1f_reverse,-30.92824470277609,-30.459867605005346,-34.03857652133677,
NADDP,-64.62303838513145,-67.24561171244125,-67.03880363223222,
PSP_Lpp,-16.752731389056684,-14.396067592649025,-15.845314570639998,
R1PK,-33.37244283958859,-36.45743089492008,-33.94981321276555,
AOBUTDs,-32.68481520340802,-32.68481520340802,-32.68481520340802,
HCYSMT2,33.15372505301406,32.57435024183367,29.246035822383405,
ADCL,-81.5017681359829,-81.5017681359829,-81.5017681359829,
DPCOAK,10.775179120818589,10.65867569160379,12.659385380914351,
GLYCLTDy,-51.47181122324318,-53.44482304427745,-53.55875697945089,
HSDy,29.77848530041035,31.751497121444622,31.865431056618068,
XYLK2,-30.641944163147798,-33.72693221847929,-31.219314536324763,
G3PAT161,0.0,0.0,0.0,
HCO3E_reverse,7.944716410771896,7.944716410771896,7.944716410771896,
NMNDA,-20.12389309991741,-20.12389309991741,-20.12389309991741,
GMHEPPA,-24.899770583339915,-24.899770583339915,-24.899770583339915,
EX_maltttr_e,0.0,0.0,0.0,
MCPST,-82.2082378298674,-82.2082378298674,-82.2082378298674,
CDAPPA181,0.0,0.0,0.0,
CDAPPA180,0.0,0.0,0.0,
TYRTA_reverse,-5.245354336893284,-2.7758228210611153,-1.8754598739616013,
GLYAT,38.56536939293881,41.05906882507588,40.93859341826048,
DHFR_reverse,32.681810738226545,34.654822559260815,34.76875649443426,
EX_mn2_e_reverse,0.0,0.0,0.0,
UAMAGS,-37.02690947610802,-40.11189753143951,-37.60427984928498,
EX_23dappa_e,0.0,0.0,0.0,
DHPS2,-51.6251005593154,-51.6251005593154,-51.6251005593154,
FACOAE60,-27.48559310803433,-24.517108481917635,-25.0240164747616,
M1PD_reverse,0.772336545642089,0.8502295865135991,-0.5463294479869658,
GLYOX3,-56.621354480237386,-56.621354480237386,-56.621354480237386,
ACACT4r,34.39369127999266,36.88739071212973,36.76691530531433,
PLIPA1E180pp,0.0,0.0,0.0,
METSOXR2,11.758188813957958,11.468501408367763,9.804344198642632,
TMDK1,-24.9603365258792,-28.04532458121069,-25.537706899056165,
METSOXR1,11.758188813957958,11.468501408367763,9.804344198642632,
DAPE_reverse,1.6542798670370757,1.6542798670370757,1.6542798670370757,
G1PACT,-11.403392427033197,-8.90969299489612,-9.030168401711524,
PGSA161,0.0,0.0,0.0,
FACOAE80,-27.488767781459167,-24.52028315534247,-25.027191148186436,
TRE6PH,-4.328969620551769,-5.488371471086875,-6.054838758683365,
TRE6PP,-23.888611356582402,-23.888611356582402,-23.888611356582402,
TRE6PS,-42.07634023645301,-38.927498340848885,-36.61250570616335,
THDPS,25.11065075387173,23.566485729072873,26.29598144847641,
SUCOAS_reverse,28.514760079287306,31.777293463305142,31.476009994225038,
FRUptspp,-55.44708998795162,-60.36639048512211,-59.40487369158114,
PPNCL2,-55.09882303045264,-53.444191279480826,-52.956816641634006,
3OAR180,0.0,0.0,0.0,
TMDPP,5.541811560534825,5.541811560534825,5.541811560534825,
DHPPDA2,25.590747336332043,25.590747336332043,25.590747336332043,
FALDH2,-29.0885808126463,-29.166473853517807,-27.76991481901724,
ECOAH8_reverse,-0.7080526193373373,-0.7080526193373373,-0.7080526193373373,
RPE_reverse,3.373468274872266,3.373468274872266,3.373468274872266,
EX_glcn_e,0.0,0.0,0.0,
4HTHRS,-30.696690563421924,-30.696690563421924,-30.696690563421924,
PRAGSr_reverse,30.736565559238812,33.821553614570306,31.313935932415777,
CMPN,-20.240119210916465,-20.878923444594744,-21.86174901476363,
FADRx2,-32.89724158412356,-35.33863050292858,-31.873855521770604,
APRAUR,-33.3245508668398,-35.29756268787407,-35.41149662304751,
EX_co2_e_reverse,0.0,0.0,0.0,
UDPGDC,-44.29657353247644,-43.35450689793265,-40.247186250767605,
NTD10pp,-28.834935973317357,-28.834935973317357,-28.834935973317357,
GMHEPK,-19.98077327015011,-23.0657613254816,-20.558143643327075,
ADSL1r_reverse,-20.099893079466987,-20.790336408890205,-19.7977930784698,
EX_aso3_e,0.0,0.0,0.0,
HACD8_reverse,8.506733740956877,8.428840700085367,9.825399734585933,
EX_nmn_e,0.0,0.0,0.0,
CYTDK2,-3.373740065459775,-10.25779569771094,-9.029363694800052,
ADK3_reverse,1.983622944474138,10.667731575416525,7.773006062359499,
ACOAD5f,37.25029143510883,36.78191433733808,40.36062325366951,
NDPK4_reverse,-1.421439381289792,7.051771170111476,3.9510300617111502,
EX_cd2_e,0.0,0.0,0.0,
PMANM,-4.3200066593543625,-4.3200066593543625,-4.3200066593543625,
ACMANAptspp,-52.89135541533776,-57.81065591250825,-56.84913911896728,
GSNK,-23.206059543147926,-26.291047598479416,-23.78342991632489,
MDH,0.015803996507575135,-1.8449406055129138,-0.36066881839993314,
SHK3Dr,-79.46438415208735,-81.43739597312162,-81.55132990829507,
TYRTA,5.245354336893284,2.7758228210611153,1.8754598739616013,
ASPK,-9.036274638246766,-14.07316759044054,-10.982529490673887,
ASPT,-28.99658705833344,-28.799968745378123,-28.13237948666035,
PTAr,28.636616703880623,31.08356707929033,31.94397324372101,
EX_na1_e,0.0,0.0,0.0,
CYSTRS,0.0,0.0,0.0,
GTPCII2,-126.78813919860954,-125.31753719221393,-123.41869008411507,
EX_g3pc_e,0.0,0.0,0.0,
ACACT1r_reverse,-19.81852306144259,-21.837437299600047,-22.103394478813208,
EX_feenter_e,0.0,0.0,0.0,
PDX5PS,-257.53248055737856,-257.6103735982501,-256.2138145637495,
HSTPT,-5.301701498592543,-5.574044485339888,-3.3966811568153705,
EX_g3pg_e,0.0,0.0,0.0,
PTA2,31.185819513448912,34.15430413956561,33.64739614672165,
MEPCT,-23.412334792266154,-21.757703041294338,-21.270328403447515,
EX_g3pe_e,0.0,0.0,0.0,
EX_asp_L_e,0.0,0.0,0.0,
MALTATr,-0.7456587440248046,1.7480406881122708,1.6275652812968708,
EAR180x,0.0,0.0,0.0,
EAR180y,0.0,0.0,0.0,
EX_cl_e_reverse,0.0,0.0,0.0,
EX_arab_L_e,0.0,0.0,0.0,
ADPRDP,-13.93048939265342,-16.02737350672608,-18.08731124842101,
EX_glcr_e,0.0,0.0,0.0,
PPKr,-19.990792933993582,-23.07578098932507,-20.568163307170547,
SUCOAS,-28.514760079287306,-31.777293463305142,-31.476009994225038,
PGMT_reverse,-15.074276736873621,-13.914874886338513,-13.348407598742018,
EX_fe2_e,0.0,0.0,0.0,
EX_metsox_R_L_e,0.0,0.0,0.0,
PUNP3_reverse,-22.695183532221225,-12.686826712558863,-12.686826712558863,
ENTCS,-7014.606756947761,-7023.355236230127,-7029.817909259284,
GMHEPAT,-32.2710115968291,-32.09786677307499,-30.17943042954056,
ACOAD7f_reverse,-39.394665564540254,-38.926288466769506,-42.504997383100935,
EX_acald_e,0.0,0.0,0.0,
PLIPA1A180pp,0.0,0.0,0.0,
LPLIPAL1A140pp,0.0,0.0,0.0,
PPAKr,-26.062440652609922,-22.977452597278432,-25.485070279432957,
EX_ac_e,0.0,0.0,0.0,
ALCD19_reverse,27.661549294914593,27.583656254043085,28.980215288543654,
PRAMPC,-0.013878783182917687,-0.013878783182917687,-0.013878783182917687,
NTP3pp,-47.69349467295835,-54.57755030520951,-53.34911830229863,
ACACT3r_reverse,-34.395517640701605,-36.889217072838676,-36.768741666023274,
RHCCE,-29.258843474238375,-29.258843474238375,-29.258843474238375,
CYSS,-49.07188834326388,-49.07188834326388,-49.07188834326388,
EX_r5p_e,0.0,0.0,0.0,
EX_dmso_e,0.0,0.0,0.0,
UGLYCH,34.07725099230428,34.07725099230428,34.07725099230428,
ICHORT,-60.74732995057204,-60.74732995057204,-60.74732995057204,
EX_f6p_e,0.0,0.0,0.0,
MECDPS,1819.0390947614046,1819.0390947614046,1819.0390947614046,
EX_fuc_L_e,0.0,0.0,0.0,
IMPC,4.442585621217008,4.442585621217008,4.442585621217008,
EX_k_e,0.0,0.0,0.0,
3OAR160,0.0,0.0,0.0,
IMPD,-3.704664600343346,-3.7825576412148543,-2.385998606714292,
HOPNTAL,-6.886938789509344,-6.886938789509344,-6.886938789509344,
GUI1_reverse,-0.5440751939152051,-0.5440751939152051,-0.5440751939152051,
EX_dump_e,0.0,0.0,0.0,
ACOATA,0.0,0.0,0.0,
PGAMT_reverse,-14.20664427379294,-11.449979980715012,-11.006108282503332,
ACKr_reverse,-24.572044114373725,-21.44030700231486,-24.92880625571547,
DURIPP,3.4345580227450228,3.4345580227450228,3.4345580227450228,
EX_ocdca_e,0.0,0.0,0.0,
SBTPD_reverse,-3.6674286616734424,-3.5895356208019322,-4.986094655302497,
NDPK1_reverse,4.680734167499491,0.8816665905798198,-0.3975190886638167,
DAPDC,-16.624987625864662,-15.058980287382141,-15.848802693585831,
SERASr,1134.9314410749528,1132.7479221022993,1136.1156054238247,
3OAS140,0.0,0.0,0.0,
SPMS,14.901638189011834,14.901638189011834,14.901638189011834,
ASPCT,-26.3627296020649,-32.967847757312335,-35.410302179602425,
XAND,-33.76135934653796,-33.839252387409466,-32.442693352908904,
EX_ni2_e,0.0,0.0,0.0,
NTP3,-47.69349467295835,-54.57755030520951,-53.34911830229863,
NTP1,-52.374228840457576,-55.45921689578907,-52.95159921363454,
DAGK181,0.0,0.0,0.0,
NTP5,-64.40838167826554,-62.753749927293725,-62.266375289446906,
FUM,3.0722134415460554,2.7065417928774353,2.534260199159382,
IDOND_reverse,8.710499526973097,8.632606486101585,10.029165520602154,
DAPE,-1.6542798670370757,-1.6542798670370757,-1.6542798670370757,
TDPAGTA,-11.611212706729312,-11.883555693476657,-9.70619236495214,
GLTPD_reverse,-2.200759433402647,-2.1228663925311366,-3.5194254270317016,
EX_ump_e,0.0,0.0,0.0,
3OAR40_reverse,0.0,0.0,0.0,
FRULYSDG,24.576951891449305,24.983557379396718,23.627267685596536,
FMNAT,-33.938314128990264,-25.92472584893563,-34.92922598738032,
GPDDA1pp,-258.65465763603424,-251.69522577348098,-254.65697943515931,
GTHOr_reverse,11.337452641120393,15.8112837890696,16.20761595286484,
ACPS1,0.0,0.0,0.0,
IPPMIa,-3.210368331948729,-3.210368331948729,-3.210368331948729,
LPLIPAL1A141pp,0.0,0.0,0.0,
NDPK6_reverse,5.869937077648954,8.954925132980446,6.447307450825921,
SGDS,25.05088457384334,27.861754865108328,24.36113503133665,
ACACT5r,34.393691279992204,36.887390712129275,36.76691530531387,
RBP4E_reverse,0.49444228264223966,0.49444228264223966,0.49444228264223966,
3HAD180,0.0,0.0,0.0,
ALCD2x_reverse,-9.762504854190881,-9.684611813319371,-11.081170847819937,
ASNNpp,-13.52844910444411,-13.164520642186913,-12.296328491463015,
FRD2,-10.623324100108489,-11.050136956440895,-11.65786730387565,
EX_hg2_e,0.0,0.0,0.0,
SUCBZS,-12.69969123626197,-12.69969123626197,-12.69969123626197,
ORPT,4.421480494624285,3.1268669742403006,1.930428946271972,
EX_akg_e,0.0,0.0,0.0,
EX_g1p_e,0.0,0.0,0.0,
EAR80x,0.0,0.0,0.0,
SUCBZL,-42.76255979288984,-47.0159794756468,-45.66774731079445,
PGSA120,0.0,0.0,0.0,
ASR,32.514723544175155,35.015542871090084,35.29794109971188,
MALTATr_reverse,0.7456587440248046,-1.7480406881122708,-1.6275652812968708,
AST,-29.61373608733919,-31.15790111213805,-28.428405392734504,
EX_o2_e_reverse,0.0,0.0,0.0,
ALCD19,-27.661549294914593,-27.583656254043085,-28.980215288543654,
FRULYSK,-19.618271132837037,-22.703259188168527,-20.195641506014002,
TDPDRE,-12.336994803474681,-12.336994803474681,-12.336994803474681,
IGPDH,-41.65441257591294,-41.65441257591294,-41.65441257591294,
TDPDRR,-13.18985739368858,-15.162869214722853,-15.276803149896297,
UGLT_reverse,22.260246993916553,20.270806948847543,18.522281601758493,
HYPOE,-30.490403195549362,-30.490403195549362,-30.490403195549362,
PSSA120,0.0,0.0,0.0,
EX_fe3hox_e,17.114837534721033,17.114837534721033,17.114837534721033,
PGAMT,14.20664427379294,11.449979980715012,11.006108282503332,
DADK_reverse,11.640168096462137,14.725156151793628,12.217538469639104,
3OAR100_reverse,0.0,0.0,0.0,
CTECOAI8_reverse,-0.0008523207034158986,-0.0008523207034158986,-0.0008523207034158986,
EX_acnam_e,0.0,0.0,0.0,
NDPK8,2.8445209846798036,2.710350434827653,5.948888034335813,
DSERDHr,27.418020136669664,29.391031957703937,29.504965892877383,
NDPK2,-6.197733918760068,-11.094508002325005,-9.877489124864212,
NDPK3,12.034152837808213,7.294533031504904,9.314776075812608,
NDPK1,-4.680734167499491,-0.8816665905798198,0.3975190886638167,
TRDR,-17.642994211429592,-19.616006032463865,-19.72993996763731,
NDPK7,6.0640437737502415,5.10435016559072,9.011247090112336,
NDPK4,1.421439381289792,-7.051771170111476,-3.9510300617111502,
NDPK5,-4.340646996876044,-7.425635052207536,-4.918017370053011,
M1PD,-0.772336545642089,-0.8502295865135991,0.5463294479869658,
EX_fru_e,0.0,0.0,0.0,
TKT1_reverse,21.653307708099472,21.014503474421193,20.03167790425231,
MGSA,-87.8564840652361,-88.78483448494855,-85.54281893224977,
NTD9pp,-29.168169297309746,-29.168169297309746,-29.168169297309746,
EX_o2_e,0.0,0.0,0.0,
EX_lcts_e,0.0,0.0,0.0,
ALLTAMH,38.21981106842967,38.21981106842967,38.21981106842967,
MAN1PT2,-8.531464787950696,-0.17680714930392405,0.49360795588404294,
3HAD40,0.0,0.0,0.0,
EX_idon_L_e,0.0,0.0,0.0,
TALA_reverse,0.6860378517845902,0.6860378517845902,0.6860378517845902,
2AGPEAT141,0.0,0.0,0.0,
2AGPEAT140,0.0,0.0,0.0,
ACONIs_reverse,-10.576245598414241,-14.997537159757755,-14.297652635678006,
EX_malthx_e,0.0,0.0,0.0,
OCBT_reverse,-11.142090799608987,-11.142090799608987,-11.142090799608987,
GHMT2r,-17.058168706377366,-19.41483250278502,-17.96558552479405,
EX_leu_L_e,0.0,0.0,0.0,
EX_so4_e_reverse,0.0,0.0,0.0,
LACZ,-28.002366511936685,-28.002366511936685,-28.002366511936685,
EX_tmao_e,0.0,0.0,0.0,
IPDPS,-49.57851746938586,-49.50062442851435,-50.89718346301492,
SULRi,-144.4321379531305,-150.3511734162333,-150.69297522175364,
PLIPA1E181pp,0.0,0.0,0.0,
EX_cit_e,0.0,0.0,0.0,
GAPD,11.234210562731633,11.156317521860123,12.552876556360689,
ASPK_reverse,9.036274638246766,14.07316759044054,10.982529490673887,
EAR40x,0.0,0.0,0.0,
EAR40y,0.0,0.0,0.0,
GMPR,70.55239809406189,68.57938627302761,68.46545233785417,
EX_frulys_e,0.0,0.0,0.0,
EX_cytd_e,0.0,0.0,0.0,
THRD_L,-31.45226358807799,-31.45226358807799,-31.45226358807799,
GLYOX,-26.193715174498298,-26.048783422674468,-28.01159483669425,
EX_phe_L_e,0.0,0.0,0.0,
UMPK_reverse,-6.926408097649293,-3.8414200423178,-6.349037724472325,
URIK2,-40.95322753264084,-47.83728316489201,-46.608851161981114,
CBMKr,-78.86656282545525,-81.95155088078674,-79.44393319863221,
ARAI,4.893341606358433,4.893341606358433,4.893341606358433,
GALKr,-20.23564256587167,-23.32063062120316,-20.813012939048637,
NNATr_reverse,43.36482022050096,43.19167539674685,41.27323905321242,
ACACT6r,34.39369127999266,36.88739071212973,36.76691530531433,
MALS,-15.811074612955352,-11.534523619669294,-11.742711779097114,
NTD11pp,-36.18102763687264,-36.18102763687264,-36.18102763687264,
ADK1_reverse,6.664357111973403,11.54939816599612,7.375486973695457,
NTD8pp,-42.41555800540698,-42.41555800540698,-42.41555800540698,
CBIAT,0.0,0.0,0.0,
ATHRDHr_reverse,-24.05917221147629,-26.032184032510564,-26.146117967684006,
ECOAH8,0.7080526193373373,0.7080526193373373,0.7080526193373373,
ECOAH6,0.7080526193377921,0.7080526193377921,0.7080526193377921,
ECOAH7,0.7080526193373373,0.7080526193373373,0.7080526193373373,
ECOAH4,0.7080526193377921,0.7080526193377921,0.7080526193377921,
ECOAH5,0.7080526193377921,0.7080526193377921,0.7080526193377921,
ECOAH2,1.0292336777099536,1.0292336777099536,1.0292336777099536,
ECOAH3,0.70805261933711,0.70805261933711,0.70805261933711,
ECOAH1,3.7938150967102047,3.7938150967102047,3.7938150967102047,
OP4ENH,-0.7166553884534039,-0.7166553884534039,-0.7166553884534039,
FA80ACPHi,0.0,0.0,0.0,
GRTT,-76.09910361141539,-76.09910361141539,-76.09910361141539,
G3PAT120,0.0,0.0,0.0,
PNTK,-17.53256811616876,-20.61755617150025,-18.109938489345726,
ALLPI_reverse,-0.6131445246979013,-0.6131445246979013,-0.6131445246979013,
MTHFD_reverse,-16.860301334738548,-18.83331315577282,-18.947247090946266,
A5PISO,-2.6176948877010773,-2.6176948877010773,-2.6176948877010773,
ARGSL,22.44413630259051,24.59265951240811,24.677228353513748,
OBTFL,-15.782862016556187,-18.751346642672885,-18.244438649828922,
UAMAS,-54.64663987894616,-56.82701227670202,-52.58518010455224,
ARGSS,-51.10430135698875,-54.34114131049131,-52.916796720870785,
ALDD19xr,-50.40880390466754,-50.48669694553905,-49.09013791103848,
EX_dgsn_e,0.0,0.0,0.0,
EX_orot_e,0.0,0.0,0.0,
EX_g6p_e,0.0,0.0,0.0,
UGMDDS,-37.21941554257626,-40.30440359790775,-37.79678591575322,
GTPHs,4.417267285006886,5.887869291402495,7.786716399501351,
PTAr_reverse,-28.636616703880623,-31.08356707929033,-31.94397324372101,
ASNN,-13.52844910444411,-13.164520642186913,-12.296328491463015,
3OAR80_reverse,0.0,0.0,0.0,
PLIPA1A140pp,0.0,0.0,0.0,
EX_ni2_e_reverse,0.0,0.0,0.0,
ACKr,24.572044114373725,21.44030700231486,24.92880625571547,
DHORTS,2.5340356413702327,-3.7743343444692656,-6.450905296774965,
PPC,-52.04831757436272,-56.96761807153321,-56.00610127799224,
PPA,-32.383435906464264,-32.383435906464264,-32.383435906464264,
HPYRRy,-20.88321571137568,-23.77691501190514,-25.353026449344686,
PPM,6.134705956137108,5.495901722458829,4.513076152289944,
PPS,-15.036312210832975,-11.401946770302757,-11.52213939183534,
PGPP181pp,0.0,0.0,0.0,
GPDDA4,-265.44836797149196,-258.48893610893873,-261.45068977061703,
GPDDA5,-263.2203564366958,-255.74295492287894,-258.7579929285272,
PRAGSr,-30.736565559238812,-33.821553614570306,-31.313935932415777,
GPDDA1,-258.65465763603424,-251.69522577348098,-254.65697943515931,
GPDDA2,-252.4970116630235,-245.53757980047024,-248.49933346214857,
LPLIPAL2A141,0.0,0.0,0.0,
ENO_reverse,-8.833217126424652,-13.75251762359514,-12.791000830054166,
EX_gua_e,0.0,0.0,0.0,
RMI_reverse,-0.17393040890056,-0.17393040890056,-0.17393040890056,
ACACT8r_reverse,36.5380654094239,39.03176484156097,38.91128943474557,
SDPTA,13.826177175968333,14.098520162715678,11.92115683419116,
EX_12ppd_S_e,0.0,0.0,0.0,
EX_4abut_e,0.0,0.0,0.0,
BPNT,-12.181298156942521,-13.639378037336904,-14.716490208862947,
FMNRx,-19.635191947006163,-12.185232547604873,-20.92601914775314,
TRSARr_reverse,3.4936978937181777,4.336492332341852,7.195228869108522,
NADK,-39.39379740966734,-43.64327891191425,-39.85174097802464,
CBLAT,0.0,0.0,0.0,
EX_ins_e,0.0,0.0,0.0,
EX_ca2_e_reverse,0.0,0.0,0.0,
PROTRS,0.0,0.0,0.0,
GLYTRS,0.0,0.0,0.0,
EX_uri_e,0.0,0.0,0.0,
LPLIPAL1A181pp,0.0,0.0,0.0,
3OAR40,0.0,0.0,0.0,
FLVRx,19.311907947349937,19.015335914952207,18.019460468224114,
EX_glc_e_reverse,0.0,0.0,0.0,
LPADSS,-6.210451644184168,-6.210451644184168,-6.210451644184168,
GUI2_reverse,-1.385476050672878,-1.385476050672878,-1.385476050672878,
EX_14glucan_e,17.114837534721033,17.114837534721033,17.114837534721033,
SUCDi,-25.419177540724316,-24.99236468439191,-24.384634336957156,
EX_thr_L_e,0.0,0.0,0.0,
EX_adn_e,0.0,0.0,0.0,
EX_ura_e,0.0,0.0,0.0,
NADS1,-73.6714392911178,-73.79188090084267,-74.23447698056937,
TREH,-28.776035501690814,-28.776035501690814,-28.776035501690814,
LPLIPAL2E140,0.0,0.0,0.0,
LPLIPAL2E141,0.0,0.0,0.0,
EX_k_e_reverse,0.0,0.0,0.0,
IMPC_reverse,-4.442585621217008,-4.442585621217008,-4.442585621217008,
PPM2,-14.784850040606672,-14.784850040606672,-14.784850040606672,
LGTHL,-30.427639305739003,-30.572571057562833,-28.60975964354305,
PLIPA1A141pp,0.0,0.0,0.0,
LEUTRS,0.0,0.0,0.0,
GLUR,27.80645327840614,28.89561321618593,25.91815488874337,
GLUN,-10.75397325401251,-4.106590926132284,-5.278418591170363,
AGMHE,0.0,0.0,0.0,
AP4AS,-46.12320225538631,-45.77691260787809,-41.94003992080923,
MALTptspp,-52.59261204668983,-57.51191254386032,-56.550395750319346,
EX_o2s_e,0.0,0.0,0.0,
EX_glyb_e,0.0,0.0,0.0,
AP4AH,-26.24181951906489,-32.7580852772361,-31.57972259999591,
DGK1,-15.464773343328936,-18.549761398660426,-16.0421437165059,
SHKK,-21.649427561335457,-24.734415616666954,-22.226797934512426,
URDGLYCD,-22.74856704439763,-22.82646008526914,-21.42990105076857,
PAPA140pp,0.0,0.0,0.0,
5DGLCNR_reverse,22.99424317366293,24.967254994697207,25.08118892987065,
3OAS160,0.0,0.0,0.0,
ETHAAL,-17.198711816498133,-17.198711816498133,-17.198711816498133,
EX_ade_e,0.0,0.0,0.0,
DHAPT,-38.98985763523032,-42.98080771268836,-45.26130647184616,
EX_pppn_e,0.0,0.0,0.0,
FEENTERexs,0.0,0.0,0.0,
G6PP,-48.33567723772122,-47.17627538718611,-46.609808099589614,
AGPR,29.7895305794046,31.762542400438875,31.876476335612328,
PSD160,0.0,0.0,0.0,
PSD161,0.0,0.0,0.0,
ALAR,-19.47329085392082,-18.56867519634519,-16.83446070634993,
EX_zn2_e_reverse,0.0,0.0,0.0,
GLUDC,-67.30603847884683,-68.39519841662661,-65.41774008918406,
CYANST,-47.791963087247645,-47.791963087247645,-47.791963087247645,
F6PP,-28.45443552115708,-28.45443552115708,-28.45443552115708,
GLUDy,-72.42883764177849,-70.72816880749156,-68.43687154379359,
EX_gam6p_e,0.0,0.0,0.0,
PLIPA2A140pp,0.0,0.0,0.0,
F6PA,1.5264211078190613,1.5264211078190613,1.5264211078190613,
MI1PP,-33.07779017004113,-32.55982051877754,-32.613104862747434,
ACGAMT,-18.353402195203333,-16.346230246590057,-15.01338043903759,
DDPGALA_reverse,3.404641892315368,3.404641892315368,3.404641892315368,
ACACT7r,34.393691279992204,36.887390712129275,36.76691530531387,
DAGK180,0.0,0.0,0.0,
PLIPA2A181pp,0.0,0.0,0.0,
ACGAMK,-20.669447050094107,-23.754435105425596,-21.24681742327107,
AACTOOR,-16.288454915062943,-16.288454915062943,-16.288454915062943,
PAPA120,0.0,0.0,0.0,
DHCINDO,-243.3682063965604,-243.3682063965604,-243.3682063965604,
R15BPK,15.910174879277175,11.530573303561699,12.841752957747895,
CINNDO,-362.01394429469036,-361.93605125381885,-363.3326102883194,
HETZK,-26.29783403333237,-29.38282208866386,-26.875204406509337,
3OAR140_reverse,0.0,0.0,0.0,
FA140ACPHi,0.0,0.0,0.0,
PGSA141,0.0,0.0,0.0,
PGSA140,0.0,0.0,0.0,
CPPPGO,-368.07161393380886,-368.07161393380886,-368.07161393380886,
NNAM,-15.427687966368637,-15.427687966368637,-15.427687966368637,
ASAD,7.646899988564389,9.619911809598662,9.733845744772115,
3HAD140,0.0,0.0,0.0,
MANAO,2.1381972860341865,2.0603042451626745,3.456863279663244,
RZ5PP,-30.988410442384207,-30.988410442384207,-30.988410442384207,
HPYRRx,-2.087650280437856,-2.93044471906153,-5.7891812558282005,
ADMDC,-49.782301998365945,-54.21261953144034,-51.63078376560847,
OAADC,-30.999470783746204,-30.999470783746204,-30.999470783746204,
PAPA180pp,0.0,0.0,0.0,
IDOND,-8.710499526973097,-8.632606486101585,-10.029165520602154,
UDPGD,-44.742626494282206,-43.92893220637151,-41.0980504029458,
EX_cl_e,0.0,0.0,0.0,
TPI_reverse,9.143346428345989,10.071696848058439,6.829681295359661,
MTAN,-27.83400498639097,-27.83400498639097,-27.83400498639097,
H2SO,-801.2611610520307,-801.2611610520307,-801.2611610520307,
ILETRS,0.0,0.0,0.0,
AAMYL,0.0,0.0,0.0,
EX_hdca_e,0.0,0.0,0.0,
EX_3hpppn_e,0.0,0.0,0.0,
GF6PTA,11.30923323255833,15.199951267360632,13.584251904110868,
CDPMEK,-15.821865539101564,-18.906853594433056,-16.39923591227853,
