bnumber,vilu_011,vilu_021,vilu_031,vilu_04,vilu_049
b0002,1284,1682,2003,3024,3017
b0003,154,200,239,380,389
b0004,3233,4050,3877,4935,5555
b0005,,,,,
b0006,59,73,84,87,99
b0007,,,,,
b0008,6274,7069,7158,7460,7616
b0009,194,171,166,130,120
b0010,,,,,
b0011,,,,,
b0013,,,,,
b0014,8084,7122,6976,6736,6760
b0015,477,494,488,411,369
b0018,,,,,
b0019,,,,,
b0020,,,,,
b0023,11041,12129,12715,15159,17038
b0024,,,,,
b0025,,,,,
b0026,1499,1641,1572,1466,1337
b0027,,,,,
b0028,930,1412,1493,1346,1254
b0029,173,193,193,189,186
b0030,250,261,187,100,34
b0031,593,672,659,643,1096
b0032,972,1113,1490,2598,2259
b0033,877,1195,1461,1899,2072
b0034,,,,,
b0035,,,,,
b0036,,,,,
b0037,,,,,
b0038,,,,,
b0039,,,,,
b0040,,,,,
b0041,,,,,
b0042,,,,,
b0043,,,,,
b0044,,,,,
b0045,,,,,
b0046,,,,,
b0047,,,,,
b0048,396,425,315,271,241
b0049,95,91,81,71,70
b0050,,,,,
b0051,240,233,235,218,324
b0052,,,,,
b0053,2014,1792,1524,1359,1437
b0054,79,66,62,54,32
b0055,,,,,
b0058,,,,,
b0059,94,82,98,98,111
b0060,,,,,
b0061,,,,,
b0062,88,,,,
b0063,,,,,
b0065,,,,,
b0066,,,,,
b0067,,,,,
b0068,636,701,817,881,1017
b0069,,,,,
b0070,,,,,
b0071,7493,10272,8117,6966,6691
b0072,4507,5489,4818,3811,3413
b0073,3976,5572,4819,3498,3246
b0074,5037,6044,4497,3297,2573
b0075,,,,,
b0076,,,,,
b0077,793,942,782,709,741
b0078,1032,951,948,851,997
b0080,413,429,330,233,176
b0081,,,,,
b0082,203,241,162,157,172
b0083,,,,,
b0084,,,,,
b0085,91,151,109,118,144
b0086,129,122,123,145,155
b0087,,,,,
b0088,96,87,74,99,78
b0089,,,,,
b0090,,,,,
b0091,103,109,122,128,144
b0092,102,107,103,106,124
b0093,,,,,
b0094,371,387,408,307,338
b0095,2449,2367,2217,2094,2128
b0096,,,,,
b0097,,,,,
b0098,740,744,685,619,640
b0099,,,,,
b0101,,,,,
b0102,178,178,145,143,155
b0103,,,,,
b0104,281,296,430,679,548
b0106,,,,,
b0107,,,,,
b0108,,,,,
b0109,397,400,356,304,318
b0110,,,,,
b0111,,,,,
b0112,386,471,531,453,406
b0113,114,110,141,146,182
b0114,5860,6655,6012,5862,5980
b0115,3521,3463,3378,3140,3830
b0116,7542,11129,12026,10718,9553
b0117,,,,,
b0118,9053,11848,9314,6242,4640
b0119,,,,,
b0120,,,,,
b0121,318,403,410,612,426
b0122,,,,,
b0123,512,451,566,582,547
b0124,197,141,152,170,256
b0125,698,833,769,851,1055
b0126,2760,2945,2574,2813,2695
b0127,273,267,246,202,208
b0128,,,,,
b0129,,,,,
b0130,,,,,
b0131,,,,,
b0132,,,,,
b0133,1139,1046,916,813,852
b0134,2953,2742,2178,2164,2017
b0135,,,,,
b0136,,,,,
b0137,,,,,
b0138,,,,,
b0139,,,,,
b0140,,,,,
b0141,,,,,
b0142,,,,,
b0143,,,,,
b0144,,,,,
b0145,3679,4147,4484,4309,3712
b0146,,,,,
b0147,,,,,
b0148,,,,,
b0149,287,285,233,205,180
b0150,,,,,
b0151,,,,,
b0152,,,,,
b0153,,,,,
b0154,1181,1262,1372,1398,1535
b0155,,,,,
b0156,888,1056,1103,1192,1394
b0157,,,,,
b0158,,,,,
b0159,546,585,622,612,733
b0160,,,,,
b0161,1904,2100,1576,1285,1273
b0162,,,,,
b0163,4539,3759,2837,2127,1862
b0164,,,,,
b0166,2359,3313,3519,3913,4541
b0167,21,21,18,15,13
b0168,850,964,1058,1053,1304
b0169,11829,12098,15331,15064,17587
b0170,8330,8671,9890,11109,12841
b0171,475,970,998,802,1174
b0172,4169,3941,3748,3721,4191
b0173,,,,,
b0174,,,,,
b0175,,,,,
b0176,,,,,
b0177,492,502,479,406,424
b0178,8056,8123,7105,6685,7468
b0179,1103,1004,933,862,743
b0180,1989,2686,3115,3448,4053
b0181,1063,1026,857,855,589
b0182,675,,452,359,311
b0183,,,,,
b0184,,,,,
b0185,2099,2093,1760,1637,1813
b0186,,,,,
b0187,318,233,224,210,234
b0188,,,,,
b0189,747,736,788,744,822
b0190,,,,,
b0191,,,,,
b0192,,,,,
b0193,,,,,
b0194,2298,2586,2752,2787,2985
b0195,,,,,
b0196,,,,,
b0197,9284,10534,10924,11048,8783
b0198,,,,,
b0199,304,327,427,452,490
b0200,,,,,
b0201,,,,,
b0204,,,,,
b0207,428,587,385,175,131
b0208,39,31,25,19,20
b0209,,,,,
b0210,,,,,
b0211,,,,,
b0212,648,569,381,375,263
b0213,,,,,
b0214,,,,,
b0215,,,,,
b0217,,,,,
b0218,,,,,
b0219,,,,,
b0220,1619,1646,1453,1048,1201
b0221,279,296,214,129,56
b0222,2741,2734,2214,1930,1662
b0223,,,,,
b0224,,,,,
b0225,,,,,
b0226,,,,,
b0227,,,,,
b0228,,,,,
b0229,,,,,
b0230,,,,,
b0231,,,,,
b0232,,,,,
b0233,,,,,
b0234,,,,,
b0235,,,,,
b0236,,,,,
b0237,2374,2619,2614,2198,2025
b0238,1177,1704,1140,1752,1112
b0239,127,101,95,87,84
b0240,613,916,1390,1276,1501
b0241,,,,,
b0242,373,414,380,333,326
b0243,746,829,642,518,431
b0244,,,,,
b0245,,,,,
b0246,,,,,
b0247,,,,,
b0248,,,,,
b0249,,,,,
b0250,,,,,
b0251,,,,,
b0252,,,,,
b0253,,,,,
b0254,,,,,
b0256,320,,,,
b0258,,,,,
b0260,,,,,
b0261,80,77,57,,44
b0262,,,,,
b0263,,,,,
b0266,,,,,
b0267,,,,,
b0268,,,,,
b0269,,,,,
b0270,,,,,
b0271,,,,,
b0272,,,,,
b0273,,,,,
b0276,,,,,
b0277,,,,,
b0278,,,,,
b0279,,,,,
b0280,,,,,
b0281,,,,,
b0283,,,,,
b0284,,,,,
b0285,,,,,
b0286,,,,,
b0287,,,,,
b0288,,,,,
b0289,,,,,
b0290,,,,,
b0291,,,,,
b0292,,,,,
b0293,,,,,
b0294,,,,,
b0295,,,,,
b0296,,,,,
b0297,,,,,
b0300,,,,,
b0301,,,,,
b0303,,,,,
b0304,,,,,
b0305,,,,,
b0306,,,,,
b0307,,,,,
b0308,,,,,
b0310,,,,,
b0311,,,,,
b0312,,,,,
b0313,,,,,
b0314,,,,,
b0315,,,,,
b0316,,,,,
b0317,,,,,
b0318,,,,,
b0319,,,,,
b0320,,,,,
b0321,,,,,
b0323,,,,,
b0324,,,,,
b0325,7219,4104,2594,1748,1312
b0326,,,,,
b0327,,,,,
b0328,,,,,
b0329,20607,9147,10176,8422,2329
b0330,,,,,
b0331,561,,,,
b0333,411,,,,
b0334,772,,,,
b0335,,,,,
b0336,,,,,
b0337,648,1077,1580,2114,1667
b0338,,,,,
b0339,,,,,
b0340,,,,,
b0341,,,,,
b0346,48,63,37,16,9
b0347,,,,,
b0348,,,,,
b0349,,,,,
b0350,,,,,
b0351,,,,,
b0352,,,,,
b0353,,,,,
b0354,229,222,226,242,234
b0355,,,,,
b0356,672,684,539,465,444
b0357,175,174,183,157,181
b0358,,,,,
b0363,,,,,
b0364,,,,,
b0365,,,,,
b0366,,,,,
b0367,,,,,
b0368,,,,,
b0369,1263,1548,1261,855,1572
b0375,,,,,
b0376,,,,,
b0377,,,,,
b0378,,,,,
b0379,,,,,
b0380,,,,,
b0381,514,19,26,940,38
b0382,2292,2011,1789,1412,
b0383,,,,,
b0384,275,,,,
b0385,,,,,
b0386,1242,970,714,637,609
b0387,,,,,
b0388,252,304,326,274,238
b0389,1320,,,,680
b0390,439,337,,164,
b0391,1298,,,,
b0392,,,,,
b0393,394,394,377,318,373
b0394,468,363,283,211,150
b0396,,,,,
b0397,,,,,
b0398,,,,,
b0399,101,,,,
b0400,,,,,
b0401,,,,,
b0402,,,,,
b0403,,,,,
b0404,,,,,
b0405,,,,,
b0406,83,100,118,146,156
b0407,2967,3695,3512,3064,1969
b0408,174,178,186,167,152
b0409,121,37,202,32,25
b0410,529,595,435,391,283
b0411,278,244,237,226,161
b0412,,,,,
b0413,256,251,210,117,196
b0414,52,42,48,32,38
b0415,4907,6029,7324,6951,6609
b0416,1511,1619,1831,1746,1804
b0417,192,176,167,160,138
b0418,,,,,
b0419,1137,823,599,434,348
b0420,110,108,100,79,69
b0421,184,187,176,145,133
b0422,492,465,381,294,315
b0423,,,,,
b0424,408,416,416,414,466
b0425,,,,,
b0426,5396,4650,3865,3684,4125
b0427,,,,,
b0428,,,,,
b0429,,,,,
b0430,,,,,
b0431,758,1169,1262,1521,1915
b0432,867,1267,1526,1424,1863
b0433,,,,,
b0434,1108,1270,1181,1072,978
b0435,539,715,1337,740,1390
b0436,6359,6911,7938,7805,9068
b0437,3523,3954,3935,3195,3847
b0438,799,960,1223,1219,1368
b0439,1404,1343,1448,1435,1371
b0440,24968,24209,19894,14063,10862
b0441,844,902,859,738,664
b0442,,,,,
b0443,582,420,201,76,35
b0444,307,304,336,302,324
b0445,,,,,
b0446,,,,,
b0447,,,,,
b0448,,,,,
b0449,,,,,
b0450,,,,,
b0451,,,,,
b0452,239,197,161,149,157
b0453,2613,1859,2225,2126,1703
b0454,,,,,
b0455,,,,,
b0456,452,,,,
b0457,,,,,
b0458,,,,,
b0459,,,,,
b0460,,,,,
b0461,,,,,
b0462,226,259,252,242,173
b0463,1278,1218,1174,1003,848
b0464,,,,,
b0465,,,,,
b0466,,,,,
b0467,,,,,
b0468,,,,,
b0469,702,779,828,924,1141
b0470,41,42,38,30,29
b0471,2337,,,2038,2489
b0472,,,,,
b0473,1383,1353,1331,1330,1264
b0474,3355,4387,3628,3413,3974
b0475,,,,,
b0476,,,,,
b0477,,,,,
b0478,,,,,
b0479,,,,,
b0480,621,507,522,455,404
b0481,260,365,355,269,469
b0482,,,,,
b0483,,,,,
b0484,318,361,375,324,282
b0485,,,,,
b0486,,,,,
b0487,,,,,
b0488,,,,,
b0489,,,,,
b0490,,,,,
b0491,,,,,
b0492,1560,1589,1710,1652,1644
b0493,,,,,
b0494,205,202,194,158,148
b0495,,,,,
b0496,,,,,
b0497,,,,,
b0498,,,,,
b0499,,,,,
b0502,,,,,
b0503,,,,,
b0504,,,,,
b0505,,,,,
b0506,56,63,67,69,79
b0507,,,,,
b0508,,,,,
b0509,,,,,
b0511,,,,,
b0512,,,,,
b0513,,,,,
b0514,,,,,
b0515,146,,,,
b0516,,,,,
b0517,,,,,
b0518,,,,,
b0520,,,,,
b0521,,,,,
b0522,262,,,436,
b0523,1174,1864,2098,2427,3157
b0524,,,,,
b0525,3963,4514,3653,3682,4366
b0526,391,382,440,418,518
b0527,,,,,
b0528,785,868,820,996,1144
b0529,362,413,463,503,501
b0530,,,,,
b0531,,,,,
b0532,,,,,
b0533,,,,,
b0534,,,,,
b0535,,,,,
b0536,,,,,
b0537,,,,,
b0543,,,,,
b0544,,,,,
b0545,,,,,
b0546,,,,,
b0547,,,,,
b0548,,,,,
b0549,,,,,
b0550,,,,,
b0551,,,,,
b0553,,,,,
b0554,,,,,
b0555,,,,,
b0562,,,,,
b0564,,,,,
b0565,512,531,548,603,625
b0566,,,,,
b0567,,,,,
b0568,,,,,
b0569,,,,,
b0570,,,,,
b0571,304,305,165,154,111
b0572,298,341,233,143,101
b0573,2651,2686,2325,1550,1213
b0574,353,458,370,251,171
b0575,,,,,
b0576,,,,,
b0577,,,,,
b0578,1502,1915,1915,1923,2124
b0579,,,,,
b0580,,,,,
b0581,966,703,565,381,
b0583,,,,,
b0584,,,,,
b0585,,,,,
b0586,,,,,
b0587,,,,,
b0588,,,,,
b0589,,,,,
b0590,,,,,
b0591,,,,,
b0592,124,189,73,,121
b0593,,,,,
b0594,,,,,
b0595,,,,,
b0596,,,,,
b0597,,,,,
b0598,1435,1830,1359,722,137
b0599,,,,,
b0600,,,,,
b0601,,,,,
b0602,,,,,
b0603,,,,,
b0604,54,47,57,58,62
b0605,18461,22007,19076,16176,15751
b0606,692,750,835,772,744
b0607,3489,3030,2915,2448,2140
b0608,218,,,,
b0610,835,,,,
b0611,,,,,
b0612,,,,,
b0613,,,,,
b0614,,,,,
b0615,,,,,
b0616,,,,,
b0617,,,,,
b0618,,,,,
b0619,,,,,
b0620,,,,,
b0621,,,,,
b0622,,,,,
b0623,15394,17963,16611,19467,20163
b0624,,,,,
b0627,,,,,
b0628,522,561,472,434,439
b0629,,,,,
b0630,,,,,
b0631,3195,2780,2234,2188,2475
b0632,609,704,828,857,990
b0633,37,48,39,36,46
b0634,,,,,
b0635,,,,,
b0636,,,,,
b0637,,,,,
b0638,,,,,
b0639,,,,,
b0640,,,,,
b0641,,,,,
b0642,1738,2009,1921,1858,1782
b0643,1639,1203,846,693,520
b0644,,,,,
b0645,,,,,
b0646,,,,,
b0647,,,,,
b0648,,,,,
b0649,,,,,
b0650,,,,,
b0651,143,182,152,126,76
b0652,,,,,
b0653,,,,,
b0654,,,,,
b0655,4326,3799,3134,2268,1850
b0657,,,,,
b0658,179,201,208,185,173
b0659,,,,,
b0660,671,601,698,678,755
b0661,,,,,
b0662,87,72,60,60,59
b0665,,,,,
b0670,,,,,
b0672,,,,,
b0673,,,,,
b0674,413,526,673,755,741
b0675,593,582,527,477,496
b0676,41,43,48,33,27
b0677,250,,146,,
b0678,1611,1382,1207,970,762
b0679,895,986,652,405,193
b0680,1202,1293,1415,1425,1435
b0681,,,,,
b0682,,,,,
b0683,3227,2868,2506,2107,2114
b0684,269,243,197,189,196
b0685,,,,,
b0686,626,644,585,598,501
b0687,522,502,413,369,416
b0688,1693,1668,1549,1282,1185
b0689,,,,,
b0691,,,,,
b0692,,,,,
b0693,,,,,
b0694,,,,,
b0695,,,,,
b0696,,,,,
b0697,,,,,
b0698,,,,,
b0699,,,,,
b0700,,,,,
b0702,,,,,
b0703,,,,,
b0704,,,,,
b0705,,,,,
b0706,,,,,
b0707,,,,,
b0708,,,,,
b0709,,,,,
b0710,900,904,763,730,565
b0711,,,,,
b0712,96,95,92,77,68
b0713,,,,,
b0714,,,,,
b0715,,,,,
b0716,,,,,
b0717,,,,,
b0718,,,,,
b0719,,,,,
b0720,8332,10668,8794,7284,4644
b0721,,,,,
b0722,308,637,621,457,215
b0723,2940,4297,4827,4099,2476
b0724,3051,4150,4423,4554,2311
b0726,2044,2906,3181,3183,2125
b0727,3550,4651,5316,4970,4080
b0728,7535,10495,10578,9833,5846
b0729,6423,10069,9763,8826,5563
b0730,,,,,
b0731,,,,,
b0732,,,,,
b0733,1228,1281,1135,807,693
b0734,669,698,558,398,321
b0735,,,,,
b0736,,,,,
b0737,136,172,150,149,185
b0738,,,,,
b0739,,,,,
b0740,2405,2364,2297,2101,2509
b0741,92,95,102,102,107
b0742,708,674,711,645,712
b0746,,,,,
b0749,,,,,
b0750,189,231,209,192,213
b0751,,,,,
b0752,,,,,
b0753,3110,,,,
b0754,1327,1881,2142,3132,3710
b0755,10479,9191,7016,6713,6203
b0756,863,836,754,779,721
b0757,324,272,225,168,118
b0759,640,617,481,449,391
b0760,49,61,60,56,61
b0761,,,,,
b0762,,,,,
b0763,881,984,1155,905,637
b0764,,,,,
b0765,77,,40,,
b0766,,,,,
b0767,2739,1874,1697,1570,1371
b0768,,,,,
b0769,,,,,
b0770,,,,,
b0771,,,,,
b0772,72,76,77,69,78
b0773,503,317,237,231,134
b0774,,,,,
b0775,,,,,
b0776,,,,,
b0777,,,,,
b0778,79,,111,97,125
b0779,113,96,79,66,62
b0780,,,,,
b0781,,,,,
b0782,3343,3409,2950,2548,2355
b0783,278,267,302,261,238
b0784,386,367,332,350,286
b0785,311,301,324,287,315
b0786,,,,,
b0787,,,,,
b0788,,,,,
b0789,,,,,
b0790,,,,,
b0791,,,,,
b0792,,,,,
b0793,,,,,
b0794,,,,,
b0795,,,,,
b0796,,,,,
b0797,,,,,
b0798,,,,,
b0799,,,,,
b0800,1013,1061,1159,1033,1052
b0801,775,1112,1368,1394,1517
b0802,,,,,
b0803,,,,,
b0804,,,,,
b0805,,,,,
b0806,,,,,
b0807,,,,,
b0808,,,,,
b0809,1473,1460,1184,1138,762
b0810,,,,,
b0811,12252,14498,13662,9086,5384
b0812,7821,8766,9892,8665,5810
b0813,,,,,
b0814,,,,,
b0815,,,,,
b0816,,,,,
b0817,,,,,
b0818,,,,,
b0819,1652,1674,1791,1814,2287
b0820,202,283,238,233,275
b0821,,,,,
b0822,,,,,
b0823,,,,,
b0824,,,,,
b0825,,,,,
b0826,,,,,
b0827,265,236,252,230,228
b0828,,,,,
b0829,,,,,
b0830,831,714,698,578,580
b0831,,,,,
b0832,,,,,
b0833,,,,,
b0834,,,,,
b0835,,,,,
b0836,,,,,
b0837,,,,,
b0838,1958,1767,1557,1474,1162
b0839,1776,1375,1259,1019,922
b0840,,,,,
b0841,,,,,
b0842,,,,,
b0843,,,,,
b0844,,,,,
b0845,,,,,
b0846,,,,,
b0847,,,,,
b0848,,,,,
b0849,,,,,
b0850,,,,,
b0851,149,149,127,137,122
b0852,,,,,
b0853,,,,,
b0854,5625,3697,2658,2101,1699
b0855,198,193,139,113,
b0856,,,,,
b0857,,,,,
b0858,,,,,
b0859,,,,,
b0860,2046,2942,4197,3758,7098
b0861,,,,,
b0862,,,,,
b0863,3334,2724,2995,3211,2744
b0864,340,,241,210,243
b0865,458,332,289,239,181
b0866,,,,,
b0867,,,,,
b0868,,,,,
b0869,,,,,
b0870,515,633,678,574,598
b0871,2445,1714,1352,1071,807
b0872,,,,,
b0873,,,,,
b0874,,,,,
b0875,,,,,
b0876,,,,,
b0877,,,,,
b0878,10,,,,
b0879,,,,,
b0880,5029,3818,2268,1407,589
b0881,,,,,
b0882,881,1055,1276,1245,1354
b0884,2679,2981,3197,3325,4038
b0885,,,,,
b0886,,,,,
b0887,,,,,
b0888,1488,2144,2098,1923,2377
b0889,6170,5918,4831,4104,4379
b0890,,,,,
b0891,715,759,933,934,1116
b0892,,,,,
b0893,1874,2052,2178,2024,2144
b0894,,,,,
b0895,,,,,
b0896,,,,,
b0897,6384,4735,2197,2407,1620
b0898,,,,,
b0899,,,,,
b0900,,,,,
b0901,,,,,
b0902,329,299,261,258,254
b0903,11018,9016,6292,5409,4595
b0904,,,,,
b0905,,,,,
b0906,,,,,
b0907,4226,5655,6010,5968,8002
b0908,400,397,447,527,701
b0909,,,,,
b0910,406,371,308,297,339
b0911,9620,9870,11901,12827,13745
b0912,8598,6740,5673,4703,4291
b0913,,,,,
b0914,69,69,62,61,50
b0915,,,,,
b0916,,,,,
b0917,510,518,487,494,610
b0918,360,391,410,406,454
b0919,,,,,
b0920,,,,,
b0921,,,,,
b0922,,,,,
b0923,251,246,189,188,184
b0924,91,,,,
b0925,,,,,
b0926,,,,,
b0927,967,824,617,545,602
b0928,4790,7066,7715,6069,5576
b0929,2517,3787,2870,2354,696
b0930,2356,2881,2999,2770,2977
b0931,402,477,451,395,444
b0932,1265,1381,1338,1033,942
b0933,,,,,
b0934,,,,,
b0935,,,,,
b0936,,,,,
b0937,,,,,
b0938,,,,,
b0939,,,,,
b0940,,,,,
b0941,,,,,
b0942,,,,,
b0943,,,,,
b0944,,,,,
b0945,118,199,310,358,542
b0946,,,,,
b0947,235,164,161,122,92
b0948,17,17,16,16,14
b0949,,,,,
b0950,,,,,
b0951,,,,,
b0952,,,,,
b0953,4775,1405,636,257,
b0954,5753,5037,4936,5166,4232
b0955,,,,,
b0956,216,196,165,130,117
b0957,4221,4494,5161,5036,4885
b0958,,,,,
b0959,,,,,
b0960,,,,,
b0961,,,,,
b0962,309,303,321,276,248
b0963,1041,877,1050,763,629
b0964,,,,,
b0965,1939,1578,1494,1116,1034
b0966,,,,,
b0967,52,66,69,80,72
b0968,231,147,109,86,75
b0969,,,,,
b0970,139,,,,
b0971,,,,,
b0972,,,,,
b0973,,,,,
b0974,,,,,
b0975,,,,,
b0976,,,,,
b0977,,,,,
b0978,,,,,
b0979,,,,,
b0980,,,,,
b0981,,,,,
b0982,,,,,
b0983,,,,,
b0984,,,,,
b0985,,,,,
b0986,,,,,
b0987,,,,,
b0989,,,,,
b0990,,,,,
b0991,,,,,
b0992,,,,,
b0993,,,,,
b0994,,,,,
b0995,,,,,
b0996,,,,,
b0997,,,,,
b0998,,,,,
b0999,,,,,
b1000,563,461,399,371,363
b1001,,,,,
b1002,3301,2538,1420,760,413
b1003,3432,2148,1953,1998,1719
b1004,8877,5951,5237,4283,3794
b1006,,,,,
b1007,,,,,
b1008,,,,,
b1009,,,,,
b1010,,,,,
b1011,,,,,
b1012,,,,,
b1013,,,,,
b1014,,,,,
b1015,,,,,
b1018,271,462,623,446,731
b1019,,,,,
b1020,,,,,
b1021,,,,,
b1022,,,,,
b1023,,,,,
b1024,,,,,
b1025,,,,,
b1026,,,,,
b1027,,,,,
b1028,,,,,
b1029,,,,,
b1032,,,,,
b1033,379,473,434,409,372
b1034,,,,,
b1035,440,534,549,569,652
b1036,,,,,
b1037,,,,,
b1038,686,,,,
b1039,,,,,
b1040,110,,,,
b1041,,,,,
b1042,2405,,,,
b1043,514,,,,
b1044,,,,,
b1045,466,321,239,181,171
b1046,,,,,
b1047,,,,,
b1048,1599,2344,2129,1946,1419
b1049,43,57,44,,39
b1050,,,,,
b1051,760,514,417,389,315
b1053,,,,,
b1054,,,,,
b1055,,,,,
b1056,907,911,896,744,613
b1057,,,,,
b1058,,,,,
b1059,275,328,286,273,297
b1060,,,,,
b1061,,,,,
b1062,1132,1270,1251,1441,1325
b1063,,,,,
b1064,1510,1498,1539,1518,1387
b1065,,,,,
b1066,,,,,
b1067,477,499,484,469,492
b1068,,,,,
b1069,,,,,
b1070,155,,,,
b1071,542,,,,
b1072,,,,,
b1073,,,,,
b1074,,,,,
b1075,,,,,
b1076,,,,,
b1077,,,,,
b1078,,,,,
b1079,106,,,,
b1080,,,,,
b1081,,,,,
b1082,143,,,,
b1083,321,,,,
b1084,1207,924,965,935,990
b1085,,,,,
b1086,58,66,61,57,64
b1087,691,591,459,355,319
b1088,284,312,349,330,395
b1089,4759,4703,5144,5972,7280
b1090,,,,,
b1091,1750,1681,1562,1413,1560
b1092,3403,3296,3389,3079,3392
b1093,3636,3469,3484,3534,3790
b1094,35187,20622,25519,21359,18505
b1095,713,853,935,940,964
b1096,,,,,
b1097,,,,,
b1098,54,54,53,54,61
b1099,,,,,
b1100,,,,,
b1101,1594,2549,3073,2949,1416
b1102,,,,,
b1103,3886,4006,3875,3551,3388
b1104,,,,,
b1105,381,290,239,258,236
b1106,,,,,
b1107,84,88,93,90,105
b1108,1399,1121,957,839,860
b1109,353,314,314,314,420
b1110,,,,,
b1111,,,,,
b1112,,,,,
b1113,,,,,
b1114,62,60,53,50,54
b1115,,,,,
b1116,,,,,
b1117,121,119,109,106,129
b1118,,,,,
b1119,109,,,,
b1120,252,280,312,260,266
b1121,,,,,
b1122,,,,,
b1123,4711,4067,4239,3790,3210
b1124,,,,,
b1125,,,,,
b1126,211,235,250,235,265
b1127,582,475,452,388,250
b1128,842,722,657,594,608
b1129,,,,,
b1130,1354,1564,1416,1332,1213
b1131,1378,1397,1643,1811,2221
b1132,,,,,
b1133,138,188,149,122,148
b1134,,,,,
b1135,,,,,
b1136,11865,17198,18013,14633,13764
b1137,,,,,
b1138,,,,,
b1139,,,,,
b1140,,,,,
b1141,,,,,
b1143,,,,,
b1144,,,,,
b1145,,,,,
b1146,,,,,
b1147,,,,,
b1148,,,,,
b1150,,,,,
b1151,,,,,
b1152,,,,,
b1153,,,,,
b1154,,,,,
b1155,,,,,
b1156,,,,,
b1157,,,,,
b1158,,,,,
b1159,,,,,
b1160,,,,,
b1161,,,,,
b1162,,,,,
b1163,,,,,
b1164,,,,,
b1165,,,,,
b1166,,,,,
b1167,,,,,
b1168,,,,,
b1171,,,,,
b1172,,,,,
b1174,1989,1558,1417,1425,1330
b1175,2981,2890,2523,2024,1663
b1176,113,113,121,102,119
b1177,,,,,
b1178,,,,,
b1179,433,517,500,466,489
b1180,170,193,127,84,112
b1181,,,,,
b1182,216,,,,
b1183,,,,,
b1184,,,,,
b1185,,,,,
b1186,,,,,
b1187,255,277,224,209,206
b1188,75,52,61,51,40
b1189,316,451,452,400,207
b1190,65,62,45,27,14
b1191,,,,,
b1192,80,81,70,53,61
b1193,,,,,
b1194,,,,,
b1195,,,,,
b1196,,,,,
b1197,1737,876,461,300,235
b1198,62,,,108,
b1199,326,226,186,196,208
b1200,1801,1480,977,850,553
b1201,,,,,
b1202,,,,,
b1203,609,811,965,973,1149
b1204,,,,,
b1205,,,,,
b1206,,,,,
b1207,2808,3275,3299,3029,3197
b1208,,,,,
b1209,103,92,107,93,103
b1210,,,,,
b1211,,,,,
b1212,,,,,
b1213,,,,,
b1214,,,,,
b1215,2438,2429,2468,2370,2475
b1216,,,,,
b1217,383,127,118,115,129
b1218,,,,,
b1219,3328,2498,1429,995,872
b1220,,,,,
b1221,593,645,863,818,729
b1222,,,,,
b1223,,,,,
b1224,,,,,
b1225,,,,,
b1226,,,,,
b1227,,,,,
b1229,,,,,
b1232,515,663,580,837,888
b1233,,,,,
b1234,,,,,
b1235,,,,,
b1236,1676,1482,1455,1419,1522
b1237,26214,24592,21288,17995,15555
b1238,,,,,
b1241,7586,7434,7706,7499,6020
b1242,,,,,
b1243,8618,9052,10368,9371,9443
b1244,,,,,
b1245,,,,,
b1246,,,,,
b1247,,,,,
b1248,,,,,
b1249,,,,,
b1250,,,,,
b1251,2920,3986,4284,3673,3146
b1252,,,,,
b1253,,,,,
b1254,,,,,
b1255,,,,,
b1256,,,,,
b1257,1279,620,377,220,169
b1258,1809,1634,904,716,438
b1259,531,,,,
b1260,1703,2050,2491,2406,3169
b1261,1269,1525,1619,1922,1980
b1262,478,492,501,599,746
b1263,218,188,194,321,318
b1264,92,106,73,135,127
b1266,,,,,
b1267,634,524,414,362,368
b1268,,,,,
b1269,125,151,161,154,151
b1270,,,,,
b1271,,,,,
b1272,63,67,79,78,82
b1273,654,583,559,524,603
b1274,447,411,393,353,377
b1275,152,168,197,181,165
b1276,2007,1891,1696,1058,797
b1277,,,,,
b1278,,,,,
b1279,523,,,,
b1280,34,37,28,22,20
b1281,170,226,296,309,425
b1282,,,,,
b1283,,,,,
b1284,220,257,216,204,171
b1285,,,,,
b1286,283,347,370,426,479
b1287,,,,,
b1288,7240,6740,6601,6948,8913
b1289,,,,,
b1290,,,,,
b1291,,,,,
b1292,,,,,
b1293,,,,,
b1294,43,,33,33,24
b1295,211,,,,
b1296,,,,,
b1297,,,,,
b1298,,,,,
b1299,,,,,
b1300,,,,,
b1301,,,,,
b1302,,,,,
b1303,,,,,
b1304,1501,1708,1502,1440,1118
b1305,44,53,56,45,38
b1306,,,,,
b1307,,,,,
b1308,936,,,,
b1309,,,,,
b1310,,,,,
b1311,,,,,
b1312,,,,,
b1313,,,,,
b1314,,,,,
b1315,,,,,
b1316,,,,,
b1317,,,,,
b1319,,,,,
b1320,,,,,
b1321,477,,350,,397
b1322,,,,,
b1323,83,74,71,62,59
b1324,10276,12459,12420,11797,12450
b1325,297,265,175,124,92
b1326,110,118,65,72,45
b1327,,,,,
b1328,,,,,
b1329,509,463,377,250,193
b1330,,,,,
b1332,,,,,
b1333,1921,1727,1339,1094,900
b1334,833,954,1142,1058,1125
b1335,,,,,
b1336,,,,,
b1337,,,,,
b1338,,,,,
b1339,,,,,
b1340,,,,,
b1341,36,,38,20,17
b1342,,,,,
b1343,,,,,
b1344,,,,,
b1345,,,,,
b1346,,,,,
b1347,,,,,
b1348,,,,,
b1349,,,,,
b1350,,,,,
b1351,,,,,
b1352,,,,,
b1353,,,,,
b1355,,,,,
b1356,125,,,,
b1357,,,,,
b1358,,,,,
b1359,,,,,
b1360,,,,,
b1361,,,,,
b1362,,,,,
b1363,,,,,
b1365,,,,,
b1366,,,,,
b1368,,,,,
b1370,,,,,
b1372,,,,,
b1374,,,,,
b1375,,,,,
b1376,6064,5143,2666,1332,700
b1377,,,,,
b1378,85,72,59,52,51
b1379,,,,,
b1380,822,765,768,653,595
b1381,,,,,
b1382,,,,,
b1383,,,,,
b1384,,,,,
b1385,,,,,
b1386,,,,,
b1387,,,,,
b1388,,,,,
b1389,,,,,
b1390,,,,,
b1391,,,,,
b1392,,,,,
b1393,,,,,
b1394,,,,,
b1395,,,,,
b1396,,,,,
b1397,,,,,
b1398,,,,,
b1399,,,,,
b1400,245,142,166,,31
b1406,2841,2004,841,735,425
b1407,,,,,
b1408,,,,,
b1409,,,,,
b1410,,,,,
b1411,,,,,
b1412,608,755,690,646,629
b1413,,,,,
b1414,1424,1086,662,635,430
b1415,23075,,,,
b1418,,,,,
b1419,,,,,
b1420,,,,,
b1421,187,,,,
b1422,342,358,326,299,225
b1423,552,299,69,25,11
b1424,145,141,125,106,98
b1426,1575,936,249,62,33
b1427,187,138,,85,58
b1428,,,,,
b1429,,,,,
b1430,176,180,222,194,218
b1431,2730,1778,977,721,559
b1432,,,,,
b1433,,,,,
b1434,,,,,
b1435,,,,,
b1436,,,,,
b1438,,,,,
b1439,,,,,
b1440,6277,3519,785,336,124
b1441,351,187,,,
b1442,,,,,
b1443,,,,,
b1444,4097,,,,
b1445,,,,,
b1446,618,,,,
b1447,,,,,
b1448,,,,,
b1449,1134,748,494,401,289
b1450,,,,,
b1451,,,,,
b1452,517,531,914,1031,785
b1453,,,,,
b1454,,,,,
b1455,,,,,
b1456,,,,,
b1457,,,,,
b1459,,,,,
b1460,,,,,
b1461,355,,,,
b1462,200,77,,,
b1463,,,,,
b1464,,,,,
b1465,,,,,
b1466,,,,,
b1467,,,,,
b1468,,,,,
b1469,,,,,
b1470,222,,,,
b1471,,,,,
b1472,,,,,
b1473,,,,,
b1474,,,,,
b1475,,,,,
b1476,,,,,
b1477,,,,,
b1478,747,,,,
b1479,876,1052,1178,1155,1025
b1480,7276,6529,6378,5626,5484
b1481,,,,,
b1482,22606,12514,7699,6055,4104
b1483,,,,,
b1484,,,,,
b1485,,,,,
b1486,,,,,
b1487,457,289,116,,
b1488,,,,,
b1489,,,,,
b1490,149,83,65,41,31
b1491,,,,,
b1492,691,358,145,262,150
b1493,282,,,82,
b1494,34,,,,
b1495,,,,,
b1496,,,,,
b1497,,,,,
b1498,617,920,48,536,16
b1499,,,,,
b1500,,,,,
b1501,,,,,
b1502,,,,,
b1503,,,,,
b1504,,,,,
b1505,,,,,
b1506,,,,,
b1507,,,,,
b1508,,,,,
b1511,95,48,11,5,
b1512,62,,,,
b1513,207,160,35,,
b1514,,,,,
b1515,,,,,
b1516,3872,3082,864,135,73
b1517,1066,828,218,,49
b1518,96,65,,,
b1519,264,233,154,99,58
b1520,,,,,
b1521,,,,,
b1522,,,,,
b1523,,,,,
b1524,,,,,
b1525,,,,,
b1526,,,,,
b1527,,,,,
b1528,,,,,
b1529,,,,,
b1530,,,,,
b1531,,,,,
b1532,,,,,
b1533,,,,,
b1534,,,,,
b1535,,,,,
b1536,696,372,,,294
b1537,343,,,,
b1538,715,723,665,561,543
b1539,3175,3396,2848,2910,2418
b1540,,,,,
b1541,164,,,62,
b1542,,,,,
b1544,,,,,
b1545,,,,,
b1547,,,,,
b1549,,,,,
b1550,2595,2774,2396,1981,1899
b1551,,,,,
b1552,,,,,
b1553,,,,,
b1554,,,,,
b1555,,,,,
b1556,,,,,
b1557,,,,,
b1558,,,,,
b1559,,,,,
b1560,,,,,
b1561,,,,,
b1562,,,,,
b1563,,,,,
b1564,398,281,,246,
b1565,,,,,
b1566,,,,,
b1567,,,,,
b1568,,,,,
b1569,,,,,
b1570,,,,,
b1571,,,,,
b1572,,,,,
b1573,,,,,
b1575,,,,,
b1576,,,,,
b1577,,,,,
b1578,,,,,
b1579,,,,,
b1580,,,,,
b1581,,,,,
b1582,,,,,
b1583,536,,,,
b1584,50,63,63,56,60
b1585,,,,,
b1586,1527,,1260,,
b1587,,,,,
b1588,,,,,
b1589,,,,,
b1590,,,,,
b1591,,,,,
b1592,,,,,
b1593,,,,,
b1594,51,105,51,,
b1595,,,,,
b1596,,,,,
b1597,,,,,
b1598,,,,,
b1599,,,,,
b1600,,,,,
b1601,,,,,
b1602,1249,1733,2044,1938,2656
b1603,1083,1374,1485,1536,1810
b1604,3107,3154,3078,2649,2509
b1605,,,,,
b1606,,,,,
b1607,,,,,
b1608,107,92,63,47,48
b1609,,,,,
b1610,,,,,
b1611,3778,,,,
b1612,1182,1980,2439,1867,1230
b1613,953,1040,990,893,919
b1614,1634,1356,1370,1369,1336
b1615,,,,,
b1616,,,,,
b1617,205,,,,
b1618,,,,,
b1619,1907,1217,984,898,857
b1620,,,,,
b1621,,,,,
b1622,,,,,
b1623,439,396,278,203,152
b1624,320,234,114,91,74
b1625,,,,,
b1626,,,,,
b1627,,,,,
b1628,,,,,
b1629,,,,,
b1630,,,,,
b1631,,,,,
b1632,,,,,
b1633,,,,,
b1634,,,,,
b1635,2279,2111,1819,1472,1377
b1636,,,,,
b1637,829,923,940,993,1052
b1638,584,609,545,531,545
b1639,,,,,
b1640,165,165,110,70,74
b1641,1001,1003,901,805,469
b1642,599,610,625,526,570
b1643,,,,,
b1644,,,,,
b1645,,,,,
b1646,1462,673,533,433,406
b1647,1850,1250,801,575,430
b1648,,,,,
b1649,,,,,
b1650,,,,,
b1651,1090,834,,878,759
b1652,,,,,
b1653,,,,,
b1654,3203,3027,3434,3661,4522
b1655,,,,,
b1656,3722,4704,6008,5458,5113
b1657,,,,,
b1658,1274,1199,1012,865,1040
b1659,,,,,
b1660,,,,,
b1661,119,123,163,133,159
b1662,332,389,470,476,495
b1663,,,,,
b1664,,,,,
b1665,,,,,
b1666,,,,,
b1667,3436,3415,2799,2217,1938
b1668,149,109,87,71,61
b1669,,,,,
b1670,,,,,
b1671,,,,,
b1672,,,,,
b1673,,,,,
b1674,,,,,
b1675,321,245,194,260,303
b1676,7657,5960,5843,5559,5893
b1677,3326,7105,7293,6806,5257
b1678,267,200,280,264,359
b1679,,,,,
b1680,843,673,577,463,354
b1681,,,,,
b1682,250,169,155,150,140
b1683,,,,,
b1684,,,,,
b1685,,,,,
b1686,300,398,462,362,458
b1687,302,336,354,324,322
b1688,,,,,
b1689,,,,,
b1690,,,,,
b1691,143,,,,
b1692,,,,,
b1693,205,243,203,161,174
b1694,,,,,
b1695,,,,,
b1696,,,,,
b1697,,,,,
b1698,,,,,
b1699,,,,,
b1700,,,,,
b1701,,,,,
b1702,1550,1732,1113,687,614
b1703,160,155,141,122,127
b1704,,,,,
b1705,,,,,
b1706,,,,,
b1707,,,,,
b1708,,,,,
b1709,,,,,
b1710,2938,2152,1995,1598,1425
b1711,,,,,
b1712,11755,9417,7683,6183,5545
b1713,601,784,954,1084,1276
b1714,650,737,875,940,1009
b1716,7371,8854,9012,10075,9325
b1717,1368,,,,
b1718,3140,3161,3341,3348,3849
b1719,997,1068,1109,839,806
b1722,,,,,
b1723,578,558,507,417,400
b1724,194,,,,
b1725,554,330,205,134,96
b1726,,,,,
b1727,342,382,398,387,360
b1728,,,,,
b1729,449,587,579,696,862
b1730,,,,,
b1731,,,,,
b1732,4096,3288,3164,2646,2565
b1733,,,,,
b1734,,,,,
b1735,,,,,
b1736,,,,,
b1737,,,,,
b1738,336,271,221,159,140
b1739,4085,3119,3138,2961,2380
b1740,1460,1406,1548,1296,1515
b1741,,,,,
b1742,,,,,
b1743,1204,,,,
b1744,,,,,
b1745,,,,,
b1746,,,,,
b1747,,,,,
b1748,520,444,192,78,41
b1749,605,622,596,494,515
b1750,,,,,
b1751,,,,,
b1752,,,,,
b1753,,,,,
b1754,,,,,
b1755,,,,,
b1756,,,,,
b1757,162,152,97,,
b1758,,,,,
b1759,,,,,
b1760,497,,,,
b1761,1964,4597,4541,5634,4424
b1762,,,,,
b1763,,,,,
b1764,698,761,705,582,567
b1765,1701,2640,1918,1704,1432
b1766,,,,,
b1767,403,331,282,402,271
b1768,225,194,172,174,161
b1769,,,,,
b1770,,,,,
b1771,,,,,
b1772,,,,,
b1773,,,,,
b1774,,,,,
b1775,,,,,
b1776,,,,,
b1777,198,,,,
b1778,1858,2284,1533,1093,1009
b1779,16148,22168,23980,27809,18515
b1780,231,322,298,498,372
b1781,,,,,
b1782,185,151,182,240,207
b1783,1627,1418,1407,1038,1048
b1784,,,,,
b1785,,,,,
b1786,,,,,
b1787,121,151,164,157,158
b1788,,,,,
b1789,,,,,
b1790,,,,,
b1791,,,,,
b1792,382,314,299,235,241
b1793,,,,,
b1794,,,,,
b1795,,,,,
b1796,,,,,
b1797,,,,,
b1798,,,,,
b1799,,,,,
b1800,,,,,
b1801,,,,,
b1802,,,,,
b1803,,,,,
b1804,,,,,
b1805,221,183,132,69,43
b1806,,,,,
b1807,,,,,
b1808,,,,,
b1809,1240,1261,1188,1158,1128
b1810,,,,,
b1811,,,,,
b1812,,,,,
b1813,,,,,
b1814,,,,,
b1815,,,,,
b1816,,,,,
b1817,6871,9490,12550,9262,4901
b1818,1137,1549,1912,1372,501
b1819,1487,1897,1898,2019,761
b1820,,,,,
b1821,,,,,
b1822,,,,,
b1823,20607,22898,27088,25093,23462
b1824,,,,,
b1825,,,,,
b1826,,,,,
b1827,639,642,558,427,418
b1828,,,,,
b1829,,,,,
b1830,592,616,609,550,554
b1831,740,810,1012,982,1147
b1832,486,498,513,551,606
b1833,,,,,
b1834,,,,,
b1835,,,,,
b1836,4378,1981,1576,1109,1191
b1837,,,,,
b1838,,,,,
b1839,242,,,,
b1840,,,,,
b1841,,,,,
b1842,,,,,
b1843,,,,,
b1844,,,,,
b1845,,,,,
b1846,66,50,35,34,24
b1847,2369,1517,2518,2771,2901
b1848,,,,,
b1849,341,315,337,556,568
b1850,2693,2544,2607,2488,3035
b1851,,,,,
b1852,1357,1322,1192,1096,1078
b1853,66,69,63,43,
b1854,2281,2195,2397,1912,1541
b1855,,,,,
b1856,,,,,
b1857,,,,,
b1858,,,,,
b1859,,,,,
b1860,,,,,
b1861,251,,,,
b1862,,,,,
b1863,,,,,
b1864,1359,1429,1409,1256,1316
b1865,,,,,
b1866,1709,1645,1839,1725,1670
b1867,397,371,273,218,198
b1868,,,,,
b1869,,,,,
b1870,229,229,241,222,275
b1871,,,,,
b1872,,,,,
b1873,,,,,
b1874,,,,,
b1875,,,,,
b1876,528,559,513,503,567
b1877,,,,,
b1878,,,,,
b1879,,,,,
b1880,,,,,
b1881,683,,,,
b1882,2600,,,,
b1883,,,,,
b1884,,,,,
b1885,,,,,
b1886,980,,,,
b1887,1318,,,,
b1888,395,,,,
b1889,,,,,
b1890,,,,,
b1891,,,,,
b1892,,,,,
b1895,,,,,
b1896,627,458,406,311,273
b1897,314,256,213,,56
b1900,,,,,
b1901,2039,1453,455,122,52
b1902,,,,,
b1904,,,,,
b1905,1524,2057,1899,1946,1559
b1906,,,,,
b1907,,,,,
b1908,900,873,858,839,793
b1909,,,,,
b1910,,,,,
b1912,,,,,
b1913,,,,,
b1914,55,,58,56,77
b1915,,,,,
b1916,,,,,
b1917,304,305,205,279,310
b1918,,,,,
b1919,1438,1317,1181,1007,890
b1920,8522,9108,10763,11177,10424
b1921,,,,,
b1922,52,,,,
b1923,9138,,,,
b1924,198,,,,
b1925,,,,,
b1926,,,,,
b1927,141,83,101,95,85
b1928,192,174,158,155,164
b1929,,,,,
b1930,1946,2520,2200,,
b1931,,,,,
b1932,,,,,
b1936,,,,,
b1937,,,,,
b1938,,,,,
b1939,48,,,,
b1940,59,,,,
b1941,,,,,
b1942,,,,,
b1943,,,,,
b1944,,,,,
b1945,,,,,
b1946,264,,,,
b1947,,,,,
b1948,,,,,
b1949,,,,,
b1950,,,,,
b1951,,,,,
b1952,,,,,
b1953,208,,,,
b1954,,,,,
b1955,740,404,204,190,131
b1956,,,,,
b1957,,,,,
b1958,,,,,
b1959,,,,,
b1960,,,,,
b1961,,,,,
b1962,,,,,
b1963,,,,,
b1967,3951,2508,2092,1927,1313
b1968,,,,,
b1969,,,,,
b1970,,,,,
b1971,,,,,
b1972,,,,,
b1973,,,,,
b1974,,,,,
b1975,,,,,
b1976,552,471,334,180,88
b1978,,,,,
b1981,,,,,
b1982,182,203,216,192,186
b1983,115,155,257,216,345
b1985,,,,,
b1987,,,,,
b1988,,,,,
b1989,,,,,
b1990,99,66,67,49,48
b1991,,,,,
b1992,,,,,
b1993,,,,,
b1994,,,,,
b1999,,,,,
b2000,2056,,,,
b2001,,,,,
b2002,,,,,
b2003,,,,,
b2004,,,,,
b2005,,,,,
b2006,,,,,
b2007,3487,3577,3651,3500,3428
b2008,,,,,
b2009,592,432,387,284,241
b2010,,,,,
b2011,,,,,
b2012,,,,,
b2013,,,,,
b2014,,,,,
b2015,,,,,
b2016,386,378,339,298,326
b2017,,,,,
b2019,957,1449,1775,1760,2406
b2020,528,591,692,789,821
b2021,674,776,975,1027,1276
b2022,762,859,1017,1286,1316
b2023,376,413,513,556,678
b2024,,,,,
b2025,284,373,452,436,577
b2026,147,210,246,339,383
b2027,421,541,570,575,550
b2028,,,,,
b2029,4607,5556,7008,7733,10349
b2032,106,,,,
b2033,,,,,
b2034,121,139,163,169,187
b2035,,,,,
b2036,851,930,1089,944,1079
b2037,,,,,
b2038,165,190,233,200,204
b2039,1008,1169,1230,1140,1221
b2040,201,253,288,269,313
b2041,406,488,632,663,701
b2042,2561,2835,2186,2177,2800
b2043,,,,,
b2044,,,,,
b2045,,,,,
b2046,,,,,
b2047,,,,,
b2048,,,,,
b2049,,,,,
b2050,,,,,
b2051,,,,,
b2052,,,,,
b2053,,,,,
b2054,,,,,
b2055,,,,,
b2056,,,,,
b2057,,,,,
b2058,,,,,
b2059,,,,,
b2060,,,,,
b2061,,,,,
b2062,,,,,
b2063,,,,,
b2064,,,,,
b2065,,,,,
b2066,,,,,
b2067,,,,,
b2068,,,,,
b2069,,,,,
b2070,,,,,
b2071,,,,,
b2072,,,,,
b2073,,,,,
b2074,,,,,
b2075,,,,,
b2076,,,,,
b2077,,,,,
b2078,,,,,
b2079,81,76,65,56,61
b2080,2976,1825,929,611,400
b2081,81,118,127,118,128
b2082,,,,,
b2083,,,,,
b2085,,,,,
b2086,167,111,88,46,
b2091,7112,,,,
b2092,2937,,,,
b2093,26209,,,,
b2094,12658,17522,13581,10396,4859
b2095,25649,,,,
b2096,32059,,,,
b2097,5498,9222,5754,4059,3569
b2098,,,,,
b2099,,,,,
b2100,,,,,
b2101,,,,,
b2102,,,,,
b2103,1531,1422,1163,1105,1053
b2104,1381,1393,1183,1064,1123
b2105,434,459,346,317,346
b2106,,,,,
b2107,458,460,,555,320
b2108,,,,,
b2109,,,,,
b2110,,,,,
b2111,,,,,
b2112,,,,,
b2113,571,580,609,581,740
b2114,977,1088,1079,1110,1214
b2118,,,,,
b2119,,,,,
b2120,,,,,
b2121,,,,,
b2122,,,,,
b2123,,,,,
b2124,,,,,
b2125,765,897,733,618,374
b2126,,,,,
b2127,,,,,
b2128,,,,,
b2129,,,,,
b2130,,,,,
b2131,1929,1313,985,938,726
b2132,139,182,174,153,181
b2133,1028,1151,1131,851,614
b2134,,,,,
b2135,,,,,
b2136,,,,,
b2137,402,228,136,133,102
b2139,,,,,
b2140,,,,,
b2141,,,,,
b2142,,,,,
b2143,1834,1044,585,557,422
b2144,,,,,
b2145,,,,,
b2146,,,,,
b2147,,,,,
b2148,,,,,
b2149,510,486,475,267,106
b2150,16568,,,,
b2151,,,,,
b2152,,,,,
b2153,1452,1748,1859,1913,2230
b2154,381,461,441,330,300
b2155,,,,,
b2156,,,,,
b2157,,,,,
b2158,,,,,
b2159,,,,,
b2160,,,,,
b2161,,,,,
b2162,,,,,
b2163,,,,,
b2164,,,,,
b2165,,,,,
b2166,,,,,
b2167,218,183,182,143,109
b2168,167,161,154,170,137
b2169,339,293,270,241,189
b2170,,,,,
b2171,527,561,611,644,665
b2172,,,,,
b2173,,,,,
b2174,,,,,
b2175,,,,,
b2176,,,,,
b2177,,,,,
b2178,,,,,
b2179,,,,,
b2180,,,,,
b2181,,,,,
b2182,,,,,
b2183,293,325,344,327,384
b2184,,,,,
b2185,10008,10021,11546,12275,14361
b2186,350,339,296,256,263
b2187,684,,,,
b2188,,,,,
b2189,,,,,
b2190,,,,,
b2193,183,221,189,164,157
b2194,,,,,
b2195,,,,,
b2196,,,,,
b2197,,,,,
b2198,,,,,
b2199,,,,,
b2200,,,,,
b2201,,,,,
b2202,,,,,
b2203,,,,,
b2204,,,,,
b2205,,,,,
b2206,,,,,
b2207,,,,,
b2208,,,,,
b2209,,,,,
b2210,,,,,
b2211,,,,,
b2212,,,,,
b2213,,,,,
b2214,,,,,
b2215,1214,1128,658,590,390
b2216,48,47,41,32,31
b2217,1787,1926,1761,1487,1689
b2218,,,,,
b2219,,,,,
b2220,,,,,
b2221,,,,,
b2222,,,,,
b2223,,,,,
b2224,,,,,
b2225,,,,,
b2226,,,,,
b2229,,,,,
b2230,,,,,
b2231,922,1135,1186,1050,1085
b2232,353,429,464,448,484
b2233,,,,,
b2234,828,948,1105,1073,944
b2235,625,626,738,738,663
b2236,,,,,
b2237,,,,,
b2238,,,,,
b2239,,,,,
b2240,,,,,
b2241,,,,,
b2242,,,,,
b2243,,,,,
b2244,,,,,
b2245,,,,,
b2246,,,,,
b2247,,,,,
b2248,,,,,
b2249,,,,,
b2250,,,,,
b2251,,,,,
b2252,203,,,,
b2253,435,,,,
b2254,73,102,,63,59
b2255,123,,,,
b2256,,,,,
b2257,,,,,
b2258,,,,,
b2259,215,,,,
b2260,,,,,
b2261,,,,,
b2262,879,800,890,916,959
b2263,,,,,
b2264,,,,,
b2265,,,,,
b2266,3388,2593,1866,1775,1301
b2267,,,,,
b2268,,,,,
b2269,,,,,
b2270,,,,,
b2271,,,,,
b2272,,,,,
b2273,,,,,
b2274,,,,,
b2275,,,,,
b2276,,,,,
b2277,,,,,
b2278,72,,,,
b2279,295,,,,
b2280,,,,,
b2281,942,995,1044,1013,728
b2282,,,,,
b2283,1097,1191,1337,1285,1188
b2284,551,534,570,570,442
b2285,1046,1002,,798,
b2286,1391,1599,1960,1764,1366
b2287,807,747,770,830,532
b2288,340,603,421,573,259
b2289,28,32,20,,9
b2290,109,142,158,115,109
b2291,41,36,,36,47
b2292,,,,,
b2293,239,234,230,223,199
b2294,1473,1443,1554,1516,1514
b2295,,,,,
b2296,2181,1724,1438,1124,1077
b2297,1761,1537,1291,944,824
b2298,,,,,
b2299,350,400,524,465,472
b2300,506,418,393,303,384
b2301,196,155,159,154,156
b2302,96,,33,36,28
b2303,694,840,797,849,893
b2304,620,473,240,161,118
b2305,,,,,
b2306,234,288,204,193,159
b2307,,,,,
b2308,,,,,
b2309,4382,4673,4624,4718,5275
b2310,15340,12890,6246,6035,2253
b2311,,,,,
b2312,176,136,195,326,313
b2313,,,,,
b2314,,,,,
b2315,,,,,
b2316,1010,968,919,844,883
b2317,,,,,
b2318,,,,,
b2319,523,479,518,422,430
b2320,744,673,689,613,571
b2321,,,,,
b2322,,,,,
b2323,5353,4378,2955,2601,2249
b2324,,,,,
b2325,223,373,315,408,608
b2326,,,,,
b2327,,,,,
b2328,,,,,
b2329,410,409,474,274,416
b2330,559,576,506,435,467
b2331,,,,,
b2332,,,,,
b2333,,,,,
b2334,,,,,
b2335,,,,,
b2336,,,,,
b2339,,,,,
b2340,,,,,
b2341,28,24,16,1,1
b2342,162,150,110,60,38
b2343,,,,,
b2344,118,79,42,19,7
b2345,,,,,
b2346,,,,,
b2347,,,,,
b2348,,,,,
b2349,,,,,
b2350,,,,,
b2351,,,,,
b2352,,,,,
b2353,,,,,
b2354,,,,,
b2355,,,,,
b2356,,,,,
b2357,,,,,
b2358,,,,,
b2359,,,,,
b2360,,,,,
b2361,,,,,
b2362,,,,,
b2363,,,,,
b2364,,,,,
b2365,,,,,
b2366,,,,,
b2367,,,,,
b2368,,,,,
b2369,,,,,
b2370,,,,,
b2371,,,,,
b2372,,,,,
b2373,,,,,
b2374,,,,,
b2375,,,,,
b2376,,,,,
b2377,,,,,
b2378,,,,,
b2379,50,40,48,41,37
b2380,,,,,
b2381,,,,,
b2382,,,,,
b2383,25,,,,
b2384,,,,,
b2385,,,,,
b2386,,,,,
b2387,,,,,
b2388,1272,1233,1037,942,586
b2389,,,,,
b2390,,,,,
b2392,,,,,
b2393,,,,,
b2394,107,,,,
b2395,,,,,
b2397,,,,,
b2398,,,,,
b2399,,,,,
b2400,1584,1713,1874,1889,2094
b2405,,,,,
b2406,,,,,
b2407,,,,,
b2408,,,,,
b2409,,,,,
b2410,,,,,
b2411,123,105,98,88,90
b2412,722,705,538,463,428
b2413,,,,,
b2414,21593,24448,23679,23419,23085
b2415,8324,9959,11390,11291,8944
b2416,3274,4338,5245,5184,4059
b2417,26006,21706,20131,17793,14815
b2418,63,,,85,
b2419,,,,,
b2420,,,,,
b2421,466,529,634,787,910
b2422,123,178,236,222,242
b2423,,,,,
b2424,,,,,
b2425,3051,3088,3042,3104,3394
b2426,506,561,415,230,140
b2427,,,,,
b2428,126,120,85,57,41
b2429,,,,,
b2430,,,,,
b2431,362,392,417,345,367
b2432,,,,,
b2433,,,,,
b2434,,,,,
b2435,,,,,
b2436,,,,,
b2437,,,,,
b2438,,,,,
b2439,194,179,270,139,93
b2440,,,,,
b2441,,,,,
b2442,,,,,
b2443,,,,,
b2444,,,,,
b2445,,,,,
b2446,,,,,
b2447,,,,,
b2448,,,,,
b2449,,,,,
b2450,355,353,301,225,175
b2451,,,,,
b2452,,,,,
b2453,,,,,
b2454,,,,,
b2455,,,,,
b2456,,,,,
b2457,,,,,
b2458,,,,,
b2459,,,,,
b2460,,,,,
b2461,,,,,
b2462,,,,,
b2463,2688,3344,2984,1840,991
b2464,3628,2206,1607,1405,1189
b2465,2943,2232,2009,1776,1382
b2466,,,,,
b2467,,,,,
b2468,,,,,
b2469,,,,,
b2470,143,,,,
b2471,349,,,,
b2472,68,75,64,68,73
b2473,156,108,99,95,96
b2474,,,,,
b2475,235,152,173,129,127
b2476,2965,3363,2986,3173,3471
b2477,776,790,727,686,751
b2478,844,1048,1232,1227,951
b2479,,,,,
b2480,2467,2303,2546,2617,2983
b2481,,,,,
b2482,,,,,
b2483,,,,,
b2484,,,,,
b2485,,,,,
b2486,,,,,
b2487,189,,,,
b2488,,,,,
b2489,,,,,
b2490,,,,,
b2491,,,,,
b2492,,,,,
b2493,,,,,
b2494,395,336,228,162,159
b2495,1064,1007,1344,1110,1370
b2496,,,,,
b2497,,,,,
b2498,3970,6886,8300,9312,10611
b2499,679,846,1001,1127,1485
b2500,133,133,167,144,192
b2501,87,88,78,66,65
b2502,41,36,39,37,33
b2503,,,,,
b2504,,,,,
b2505,,,,,
b2506,,,,,
b2507,1407,1703,2143,2310,3234
b2508,2814,3308,3721,4534,5531
b2509,,,,,
b2510,,,,,
b2511,608,539,549,510,469
b2512,681,645,612,584,686
b2513,775,749,746,697,733
b2514,987,1033,1082,987,1060
b2515,376,392,386,339,354
b2516,647,529,495,415,364
b2517,109,131,171,141,150
b2518,5964,9954,12631,10997,7246
b2519,,,,,
b2520,56,46,35,28,27
b2521,1221,1047,772,553,478
b2522,,,,,
b2523,1883,2012,2133,1914,1988
b2524,705,,,,
b2525,891,976,1022,950,1058
b2526,127,141,163,151,177
b2527,315,461,466,441,498
b2528,193,274,292,264,255
b2529,3268,4267,4521,3871,3714
b2530,4209,4740,4767,4200,4037
b2531,2518,2874,2565,2115,1810
b2532,96,108,114,112,132
b2533,418,524,636,859,785
b2534,,,,,
b2535,,,,,
b2536,,,,,
b2537,,,,,
b2538,,,,,
b2539,,,,,
b2540,,,,,
b2541,,,,,
b2542,,,,,
b2543,,,,,
b2544,,,,,
b2545,,,,,
b2546,,,,,
b2547,,,,,
b2548,,,,,
b2549,,,,,
b2550,,,,,
b2551,5989,7424,7152,9081,9304
b2552,,,,,
b2553,1189,1300,1350,1257,1194
b2554,,,,,
b2555,,,,,
b2556,,,,,
b2557,1033,1234,1396,1528,1921
b2558,,,,,
b2559,,,,,
b2560,,,,,
b2561,,,,,
b2562,,,,,
b2563,,,,,
b2564,884,,1423,1278,1790
b2565,,,,,
b2566,65,73,80,73,70
b2567,167,187,190,175,203
b2568,56,61,60,45,35
b2569,929,951,884,813,763
b2570,,,,,
b2571,552,450,272,192,181
b2572,,,,,
b2573,252,202,186,146,176
b2574,,,,,
b2575,,,,,
b2576,308,292,280,242,233
b2577,,,,,
b2578,,,,,
b2579,1531,1525,1183,1246,2227
b2580,,,,,
b2581,712,658,550,532,530
b2582,95,,127,102,121
b2583,,,,,
b2584,202,163,70,35,16
b2585,951,973,654,534,420
b2586,,,,,
b2587,419,515,355,219,129
b2591,,,,,
b2592,1861,1580,1570,1266,1173
b2593,150,105,83,84,74
b2594,247,251,210,233,235
b2595,528,619,598,575,641
b2597,3158,3203,1726,1556,1374
b2599,497,515,531,437,462
b2600,120,106,106,235,221
b2601,332,,,,
b2602,,,,,
b2603,,,,,
b2604,,,,,
b2605,,,,,
b2606,9056,9355,10217,12660,13434
b2607,,,,,
b2608,1674,1784,1719,1636,1548
b2609,18183,19696,23100,25248,25836
b2610,629,621,610,598,720
b2611,,,,,
b2614,2824,2670,2531,2582,2672
b2615,101,103,77,67,62
b2616,,,,,
b2617,,,,,
b2618,,,,,
b2619,,,,,
b2620,,,,,
b2621,,,,,
b2622,,,,,
b2623,,,,,
b2624,,,,,
b2625,,,,,
b2626,,,,,
b2627,,,,,
b2628,,,,,
b2629,,,,,
b2630,,,,,
b2631,,,,,
b2632,,,,,
b2633,,,,,
b2634,,,,,
b2635,,,,,
b2636,,,,,
b2637,,,,,
b2638,,,,,
b2641,,,,,
b2642,,,,,
b2643,,,,,
b2644,,,,,
b2645,,,,,
b2646,,,,,
b2647,,,,,
b2648,,,,,
b2650,,,,,
b2652,,,,,
b2659,,,,,
b2660,,,,,
b2661,1476,1552,1332,1024,658
b2662,1616,1548,1695,1208,836
b2663,,,,,
b2664,,,,,
b2665,15543,10570,5296,3586,1879
b2666,,,,,
b2667,,,,,
b2668,,,,,
b2669,1156,1515,1527,2243,4119
b2670,,,,,
b2671,,,,,
b2672,747,424,381,312,249
b2673,,,,,
b2674,,,,,
b2675,,,,,
b2676,,,,,
b2677,,,,,
b2678,,,,,
b2679,101,,,,
b2681,,,,,
b2682,,,,,
b2683,,,,,
b2684,90,120,130,127,200
b2685,,,,,
b2686,,,,,
b2687,4201,3604,3903,4099,4596
b2688,141,121,113,102,113
b2689,,,,,
b2690,,,,,
b2694,,,,,
b2695,,,,,
b2696,4457,5169,4504,4619,4168
b2697,1394,1424,1398,1373,1589
b2698,,,,,
b2699,1247,1579,1386,1177,1073
b2700,214,175,158,131,109
b2701,,,,,
b2702,,,,,
b2703,,,,,
b2704,,,,,
b2705,,,,,
b2706,,,,,
b2707,,,,,
b2708,41,,,31,28
b2709,,,,,
b2710,,,,,
b2711,,,,,
b2712,,,,,
b2713,,,,,
b2714,,,,,
b2715,,,,,
b2716,,,,,
b2717,,,,,
b2718,,,,,
b2719,,,,,
b2720,,,,,
b2721,,,,,
b2722,,,,,
b2723,,,,,
b2724,,,,,
b2725,,,,,
b2726,,,,,
b2727,,,,,
b2728,,,,,
b2729,,,,,
b2730,,,,,
b2731,,,,,
b2732,,,,,
b2733,,,,,
b2734,,,,,
b2735,,,,,
b2736,,,,,
b2737,,,,,
b2738,,,,,
b2739,,,,,
b2740,,,,,
b2741,416,362,446,356,368
b2742,,,,,
b2743,,,,,
b2744,,,,,
b2745,,,,,
b2746,,,,,
b2747,,,,,
b2748,,,,,
b2749,,,,,
b2750,,,,,
b2751,730,1167,1442,1675,1848
b2752,942,1358,1711,2137,2830
b2753,,,,,
b2754,,,,,
b2755,,,,,
b2756,,,,,
b2757,,,,,
b2758,,,,,
b2759,,,,,
b2760,,,,,
b2761,,,,,
b2762,477,557,682,636,826
b2763,1017,1201,1607,1647,1733
b2764,881,1119,1496,2266,2488
b2765,,,,,
b2766,,,,,
b2767,,,,,
b2768,,,,,
b2769,,,,,
b2770,,,,,
b2771,,,,,
b2774,,,,,
b2775,,,,,
b2776,,,,,
b2777,,,,,
b2778,,,,,
b2779,18686,15697,15407,15667,19143
b2780,426,519,666,748,833
b2781,,,,,
b2782,,,,,
b2783,,,,,
b2784,136,154,128,96,78
b2785,,,,,
b2786,,,,,
b2787,,,,,
b2788,,,,,
b2789,,,,,
b2790,871,903,739,583,580
b2791,,,,,
b2792,,,,,
b2793,,,,,
b2794,70,75,60,57,59
b2795,32,26,26,25,24
b2796,,,,,
b2797,,,,,
b2798,,,,,
b2799,352,421,203,66,35
b2800,,,,,
b2801,,,,,
b2802,,,,,
b2803,,,,,
b2804,,,,,
b2805,,,,,
b2806,50,52,51,49,48
b2807,,,,,
b2808,,,,,
b2809,1776,,,,
b2810,,,,,
b2811,54,53,49,47,46
b2812,,,,,
b2813,,,,,
b2816,,,,,
b2817,,,,,
b2818,200,244,257,394,344
b2819,,,,,
b2820,,,,,
b2821,,,,,
b2822,,,,,
b2823,,,,,
b2824,,,,,
b2825,,,,,
b2826,,,,,
b2827,189,201,209,193,220
b2828,,,,,
b2829,72,76,73,56,51
b2830,,,,,
b2831,,,,,
b2832,,,,,
b2833,,,,,
b2834,718,698,662,620,618
b2835,,,,,
b2836,,,,,
b2837,,,,,
b2838,117,152,178,191,230
b2839,,,,,
b2840,,,,,
b2841,,,,,
b2842,,,,,
b2843,,,,,
b2844,176,,,,
b2845,,,,,
b2846,,,,,
b2847,,,,,
b2848,,,,,
b2849,,,,,
b2850,,,,,
b2851,,,,,
b2852,,,,,
b2853,,,,,
b2854,,,,,
b2856,,,,,
b2858,,,,,
b2859,,,,,
b2860,,,,,
b2861,,,,,
b2863,,,,,
b2864,,,,,
b2865,,,,,
b2866,,,,,
b2867,,,,,
b2868,,,,,
b2869,,,,,
b2870,,,,,
b2871,,,,,
b2872,,,,,
b2873,,,,,
b2874,,,,,
b2875,,,,,
b2876,,,,,
b2877,,,,,
b2878,,,,,
b2879,,,,,
b2880,,,,,
b2881,,,,,
b2882,,,,,
b2883,,,,,
b2886,,,,,
b2887,,,,,
b2888,,,,,
b2889,,,,,
b2890,2316,2825,2972,3088,3152
b2891,,,,,
b2892,,,,,
b2893,417,368,367,336,373
b2894,,,,,
b2895,,,,,
b2896,,,,,
b2897,412,,,,
b2898,1911,1855,1529,1242,1165
b2899,,,,,
b2900,417,380,295,292,329
b2901,693,654,668,621,669
b2902,,,,,
b2903,254,426,556,564,562
b2904,773,871,1114,1279,1213
b2905,92,117,176,189,217
b2906,,,,,
b2907,,,,,
b2908,1055,1163,1099,914,702
b2909,663,619,663,627,727
b2910,500,493,443,390,360
b2911,,,,,
b2912,,,,,
b2913,3790,4637,5648,7986,9207
b2914,3222,3160,2855,2777,2785
b2915,,,,,
b2916,353,366,341,294,320
b2917,,,,,
b2918,,,,,
b2919,,,,,
b2920,,,,,
b2921,,,,,
b2922,2710,2435,1981,1696,1392
b2923,,,,,
b2924,631,850,1593,2068,3161
b2925,10948,9546,9303,9619,11866
b2926,14229,12498,12407,11339,11160
b2927,,,,,
b2928,,,,,
b2929,,,,,
b2930,,,,,
b2933,,,,,
b2934,,,,,
b2935,1894,2792,2854,2725,2785
b2936,124,135,101,65,64
b2937,1143,1108,1244,1250,1081
b2938,458,653,887,954,977
b2939,,,,,
b2940,,,,,
b2942,2635,2646,3177,4720,4030
b2943,,,,,
b2944,,,,,
b2945,,,,,
b2946,,,,,
b2947,817,839,763,697,749
b2948,224,264,300,296,329
b2949,,,,,
b2950,,,,,
b2951,171,164,174,173,190
b2952,,,,,
b2953,,,,,
b2954,176,212,250,253,266
b2955,,,,,
b2956,,,,,
b2957,,,,,
b2958,546,419,350,350,334
b2959,1754,1358,1281,1203,1126
b2960,511,427,447,466,449
b2961,,,,,
b2962,3177,2897,2531,2211,2322
b2963,,,,,
b2964,23,,,,
b2965,,,,,
b2966,,,,,
b2967,,,,,
b2968,,,,,
b2969,,,,,
b2970,,,,,
b2971,,,,,
b2972,,,,,
b2975,,,,,
b2976,1903,2547,1857,1070,648
b2977,1320,,1205,696,373
b2979,,,,,
b2980,,,,,
b2981,,,,,
b2982,,,,,
b2983,,,,,
b2984,,,,,
b2985,,,,,
b2986,,,,,
b2987,,,,,
b2988,463,,,585,
b2989,2438,1952,1199,857,656
b2990,,,,,
b2991,,,,,
b2992,,,,,
b2993,,,,,
b2994,,,,,
b2995,,,,,
b2996,,,,,
b2997,,,,,
b2998,,,,,
b3001,1785,1770,936,483,
b3002,,,,,
b3003,740,388,261,211,155
b3005,,,,,
b3006,,,,,
b3008,1409,1506,1249,1136,1126
b3009,,,,,
b3010,,,,,
b3011,510,531,359,313,432
b3012,1553,919,645,631,575
b3013,,,,,
b3014,,,,,
b3017,209,294,256,,206
b3018,,,,,
b3019,,,,,
b3020,66,79,55,43,28
b3021,,,,,
b3022,,,,,
b3023,,,,,
b3024,2625,1745,1692,1243,1004
b3025,,,,,
b3026,,,,,
b3027,,,,,
b3028,273,435,368,215,199
b3029,2175,2250,1956,1590,1591
b3030,,,,,
b3031,,,,,
b3032,168,150,83,107,45
b3033,,,,,
b3034,194,196,174,159,138
b3035,208,202,176,172,143
b3037,198,189,97,94,74
b3038,219,202,185,158,143
b3039,,,,,
b3040,,,,,
b3041,152,,221,225,194
b3042,720,636,589,557,596
b3043,,,,,
b3046,,,,,
b3047,,,,,
b3048,,,,,
b3049,,,,,
b3050,,,,,
b3051,,,,,
b3052,634,745,664,605,644
b3053,95,95,91,74,64
b3054,136,133,139,118,126
b3055,167,121,61,45,51
b3056,45,,33,,21
b3057,,,,,
b3058,,,,,
b3059,,,,,
b3060,,,,,
b3061,,,,,
b3062,,,,,
b3063,,,,,
b3064,,,,,
b3065,14206,15508,18628,20408,22282
b3066,,,,,
b3067,1312,1154,1086,933,990
b3068,127,107,147,133,135
b3069,,,,,
b3070,,,,,
b3071,,,,,
b3072,405,,,,
b3073,,,,,
b3074,,,,,
b3075,,,,,
b3076,,,,,
b3077,,,,,
b3078,,,,,
b3079,,,,,
b3080,,,,,
b3081,133,118,73,36,15
b3082,,,,,
b3083,,,,,
b3084,,,,,
b3085,,,,,
b3086,,,,,
b3087,714,507,283,158,106
b3088,,,,,
b3089,212,284,264,189,102
b3090,,,,,
b3091,,,,,
b3092,124,182,160,,
b3093,,,,,
b3094,120,112,93,82,82
b3095,,,,,
b3096,,,,,
b3097,276,,,,
b3098,9612,7084,6184,5995,5931
b3099,168,,,,
b3100,,,,,
b3101,,,,,
b3102,769,435,330,292,244
b3103,,,,,
b3104,,,,,
b3105,,,,,
b3106,,,,,
b3107,,,,,
b3110,,,,,
b3113,1057,,,,
b3114,,,,,
b3115,,,,,
b3116,,,,,
b3117,,,,,
b3118,,,,,
b3119,,,,,
b3120,,,,,
b3121,,,,,
b3123,,,,,
b3124,,,,,
b3125,101,87,21,54,35
b3126,,,,,
b3127,,,,,
b3128,,,,,
b3129,109,,83,71,
b3130,,,,,
b3131,,,,,
b3132,,,,,
b3133,,,,,
b3134,,,,,
b3135,,,,,
b3136,,,,,
b3137,,,,,
b3138,,,,,
b3139,,,,,
b3140,,,,,
b3141,,,,,
b3142,,,,,
b3143,,,,,
b3144,,,,,
b3145,,,,,
b3146,103,101,94,89,96
b3147,158,142,127,117,109
b3148,,,,,
b3149,,,,,
b3150,318,346,302,251,247
b3151,,,,,
b3152,,,,,
b3153,590,360,265,233,220
b3154,,,,,
b3155,,,,,
b3156,1269,1112,737,529,585
b3157,,,,,
b3158,,,,,
b3159,,,,,
b3160,,,,,
b3161,,,,,
b3162,22,46,,,
b3163,72,68,60,44,51
b3164,3467,3792,3723,3206,3013
b3165,10727,10549,12627,13192,15199
b3166,,,,,
b3167,1180,1136,1166,1032,1186
b3168,1508,1701,1934,1960,1861
b3169,2399,2596,2660,2605,2800
b3170,229,322,351,353,390
b3171,,,,,
b3172,1683,2165,3285,4603,6191
b3173,,,,,
b3174,,,,,
b3175,506,537,585,576,547
b3176,962,991,986,907,876
b3177,,,,,
b3178,1027,964,1223,1077,1002
b3179,,,,,
b3180,1677,1703,1535,1554,1740
b3181,2179,2135,2110,1926,1833
b3182,,,,,
b3183,867,762,707,707,710
b3184,,,,,
b3185,4249,4813,5630,6592,7227
b3186,7377,7849,9417,9867,10558
b3187,247,245,295,266,317
b3188,,,,,
b3189,368,414,432,410,451
b3190,1026,1110,962,985,1108
b3191,247,267,188,,235
b3192,2341,2147,1957,1864,1886
b3193,102,118,121,129,170
b3194,,,,,
b3195,72,69,63,51,66
b3196,,,,,
b3197,88,95,91,88,96
b3198,304,372,393,379,273
b3199,,,,,
b3200,1483,1464,1327,1300,820
b3201,925,887,766,741,663
b3202,156,138,120,101,91
b3203,5556,4462,3643,2874,2454
b3204,949,881,799,719,629
b3205,110,100,87,66,60
b3206,,,,,
b3207,,,,,
b3208,,,,,
b3209,1285,1494,1337,1272,896
b3210,121,124,109,86,71
b3211,,,,,
b3212,600,1022,1556,1769,2657
b3213,654,1121,1548,1691,2158
b3214,,,,,
b3215,,,,,
b3216,,,,,
b3219,,,,,
b3220,,,,,
b3221,375,,,,
b3222,,,,,
b3223,,,,,
b3224,,,,,
b3225,,,,,
b3226,,,,,
b3227,,,,,
b3228,508,491,498,463,474
b3229,3464,3459,3155,3199,2892
b3230,8378,8782,10057,10686,13094
b3231,11991,14153,15639,16909,17597
b3232,,,,,
b3233,1176,1288,1457,1333,1189
b3234,1247,1082,1035,921,695
b3235,,,,,
b3236,27170,32362,31000,28376,18574
b3237,,,,,
b3238,,,,,
b3239,,,,,
b3240,,,,,
b3241,,,,,
b3242,,,,,
b3243,29,,,,
b3244,286,244,248,223,284
b3247,,,,,
b3248,,,,,
b3249,,,,,
b3250,,,,,
b3251,2466,2413,2086,2108,2195
b3252,,,,,
b3253,1382,1138,866,695,503
b3255,2506,2770,2247,7560,2398
b3256,1302,1380,1428,1393,1461
b3257,,,,,
b3258,,,,,
b3259,134,130,136,,176
b3260,,,,,
b3261,,,,,
b3262,,,,,
b3263,,,,,
b3264,,,,,
b3265,,,,,
b3266,,,,,
b3267,,,,,
b3268,,,,,
b3269,,,,,
b3270,,,,,
b3271,,,,,
b3273,,,,,
b3275,,,,,
b3276,,,,,
b3277,,,,,
b3278,,,,,
b3279,216,204,208,204,237
b3280,,,,,
b3281,109,102,109,115,135
b3282,132,136,123,134,179
b3283,,,,,
b3284,,,,,
b3287,855,789,756,751,888
b3288,406,336,355,324,307
b3289,83,108,70,81,90
b3290,129,57,82,69,58
b3291,472,470,551,431,332
b3292,,,,,
b3293,,,,,
b3294,8186,8744,10351,11183,12802
b3295,5122,6194,6400,5837,6031
b3296,10828,11110,14647,13462,16581
b3297,6460,6378,7372,8530,9154
b3298,13163,13322,16531,18483,20451
b3299,,,,,
b3300,464,544,525,540,429
b3301,7918,8549,10283,11239,11842
b3302,13135,14728,15793,19103,18881
b3303,12757,11993,14171,15735,18111
b3304,6677,7238,8232,9263,10103
b3305,11615,11560,13498,15164,17389
b3306,6404,6383,7765,8144,9703
b3307,6086,6621,8187,8475,9295
b3308,11572,11847,14934,15097,18031
b3309,11324,11523,13118,14599,14343
b3310,6869,7167,8505,9906,10821
b3311,6193,6237,7440,9507,8969
b3312,14067,14628,15360,20476,22903
b3313,12345,11962,14859,16371,17862
b3314,11628,12771,16030,15939,16414
b3315,14071,15305,17386,19692,19145
b3316,9730,10085,12365,14014,14949
b3317,8545,10417,13006,13713,14623
b3318,5674,6028,7060,7688,8869
b3319,10302,10442,11662,12711,14750
b3320,8778,9918,12803,12345,14052
b3321,12864,14046,16461,16810,20015
b3322,,,,,
b3323,,,,,
b3324,,,,,
b3325,,,,,
b3326,,,,,
b3327,,,,,
b3328,,,,,
b3329,,,,,
b3330,,,,,
b3331,,,,,
b3332,,,,,
b3333,,,,,
b3334,,,,,
b3335,,,,,
b3336,6938,6162,4771,4735,5348
b3337,,,,,
b3338,,,,,
b3339,54038,61126,58290,54349,51726
b3340,11071,11295,12470,12504,11360
b3341,13166,13971,15917,18133,13182
b3342,3715,4001,4496,5709,5380
b3343,,,,,
b3344,,,,,
b3345,103,92,,61,66
b3346,353,349,298,299,267
b3347,1828,1947,1973,2026,2088
b3348,466,424,338,325,329
b3349,3464,3567,3508,3526,3413
b3350,,,,,
b3351,,,,,
b3352,,,,,
b3353,,,,,
b3354,,,,,
b3355,167,,,,
b3356,208,242,233,231,290
b3357,4726,4665,3635,3076,2739
b3358,,,,,
b3359,1455,1416,1588,2363,2266
b3360,,,,,
b3361,280,167,116,97,91
b3362,670,,,,
b3363,1694,1295,1737,1228,1757
b3364,,,,,
b3365,,,,,
b3366,,,,,
b3367,,,,,
b3368,,,,,
b3369,,,,,
b3370,,,,,
b3371,,,,,
b3374,,,,,
b3375,,,,,
b3376,,,,,
b3377,,,,,
b3378,,,,,
b3379,,,,,
b3380,,,,,
b3381,,,,,
b3382,,,,,
b3383,,,,,
b3384,1270,1315,1349,1356,1464
b3385,241,306,,,
b3386,1703,2084,1845,2060,1813
b3387,,,,,
b3388,240,257,237,203,186
b3389,468,491,455,358,344
b3390,512,545,591,616,767
b3391,,,,,
b3392,,,,,
b3393,,,,,
b3394,,,,,
b3395,,,,,
b3396,,,,,
b3397,,,,,
b3398,,,,,
b3399,,,,,
b3400,,,,,
b3401,876,705,672,614,664
b3402,,,,,
b3403,5874,6848,5293,2932,1264
b3404,,,,,
b3405,1938,1621,1106,1092,843
b3406,,,,,
b3407,108,118,127,127,161
b3408,,,,,
b3409,,,,,
b3410,,,,,
b3411,,,,,
b3412,,,,,
b3413,,,,,
b3414,3273,3199,3108,3001,3266
b3415,,,,,
b3416,,,,,
b3417,556,650,786,750,489
b3418,257,335,262,161,60
b3421,,,,,
b3422,,,,,
b3423,266,230,224,216,269
b3424,,,,,
b3425,,,,,
b3426,,,,,
b3427,,,,,
b3428,540,497,462,397,345
b3429,776,749,741,643,523
b3430,844,941,943,760,611
b3431,,,,,
b3432,312,318,250,253,240
b3433,5443,7377,8129,9448,11416
b3434,,,,,
b3437,,,,,
b3438,328,242,243,220,196
b3439,1124,707,448,459,378
b3440,265,306,306,273,274
b3441,,,,,
b3442,,,,,
b3443,,,,,
b3446,,,,,
b3447,428,306,328,301,218
b3448,738,,,,
b3449,269,226,156,124,121
b3450,220,156,109,71,
b3451,,,,,
b3452,,,,,
b3453,2336,1451,714,404,276
b3454,439,408,437,392,367
b3455,269,286,289,281,263
b3456,,,,,
b3457,,,,,
b3458,1450,1608,2348,2543,2688
b3459,,,,,
b3460,24271,26955,23577,18883,16039
b3461,,,,,
b3462,,,,,
b3463,306,287,254,234,226
b3464,786,720,658,626,629
b3465,,,,,
b3466,,,,,
b3467,,,,,
b3468,,,,,
b3469,,,,,
b3470,,,,,
b3471,,,,,
b3472,953,1162,1329,1015,1092
b3473,,,,,
b3474,,,,,
b3475,,,,,
b3476,,,,,
b3477,,,,,
b3478,,,,,
b3479,,,,,
b3480,,,,,
b3481,341,531,400,322,369
b3482,,,,,
b3483,,,,,
b3484,,,,,
b3485,,,,,
b3486,,,,,
b3487,28,40,50,41,35
b3488,,,,,
b3491,,,,,
b3492,,,,,
b3493,,,,,
b3494,,,,,
b3495,23100,22043,15184,11692,11180
b3496,,,,,
b3497,,,,,
b3498,813,649,767,762,781
b3499,,,,,
b3500,672,598,525,451,498
b3501,,,,,
b3502,,,,,
b3503,,,,,
b3504,,,,,
b3506,568,352,364,373,492
b3507,,,,,
b3508,,,,,
b3509,9401,4090,3292,4217,3233
b3510,22242,8062,,,3049
b3511,,,,,
b3512,,,,,
b3513,,,,,
b3514,,,,,
b3515,,,,,
b3516,,,,,
b3517,5510,3079,1049,1188,1418
b3518,,,,,
b3519,,,,,
b3520,,,,,
b3521,,,,,
b3522,,,,,
b3523,,,,,
b3524,192,112,77,59,42
b3525,,,,,
b3526,125,129,115,107,99
b3527,317,194,145,487,125
b3528,506,,,,
b3529,,,,,
b3530,,,,,
b3531,,,,,
b3532,,,,,
b3533,,,,,
b3534,,,,,
b3535,,,,,
b3536,,,,,
b3537,,,,,
b3538,,,,,
b3539,,,,,
b3540,132,155,176,152,141
b3541,437,541,647,548,426
b3542,,,,,
b3543,,,,,
b3544,15766,15725,14041,10367,6191
b3545,,,,,
b3546,69,,,,
b3547,,,,,
b3548,,,,,
b3549,,,,,
b3550,,,,,
b3551,,,,,
b3552,171,,,336,
b3553,674,988,1419,1314,1634
b3554,646,576,484,443,510
b3555,,,,,
b3556,178,,,441,
b3557,,,,,
b3558,,,,,
b3559,1896,1926,2034,1971,2048
b3560,1444,1447,1409,1588,1699
b3561,,,,,
b3562,,,,,
b3563,,,,,
b3564,,,,,
b3565,,,,,
b3566,1193,1242,494,115,
b3567,,,,,
b3568,,,,,
b3569,,,,,
b3570,,,,,
b3571,,,,,
b3572,,,,,
b3573,,,,,
b3574,,,,,
b3575,,,,,
b3576,,,,,
b3577,,,,,
b3578,,,,,
b3579,,,,,
b3580,,,,,
b3581,,,,,
b3582,,,,,
b3583,,,,,
b3584,,,,,
b3585,,,,,
b3586,,,,,
b3587,,,,,
b3588,5577,2723,678,263,72
b3589,,,,,
b3590,21,22,21,21,21
b3591,,,,,
b3592,847,627,582,510,511
b3593,,,,,
b3594,,,,,
b3595,,,,,
b3596,,,,,
b3597,,,,,
b3598,,,,,
b3599,724,673,493,364,199
b3600,1310,984,676,528,415
b3601,,,,,
b3602,741,755,740,771,1009
b3603,,,,,
b3604,,,,,
b3605,88,85,81,59,53
b3606,,,,,
b3607,455,448,360,287,252
b3608,371,284,230,200,191
b3609,6719,7311,7847,7548,7254
b3610,3194,2760,2349,2260,2068
b3611,880,903,900,855,710
b3612,667,1120,1863,1564,2851
b3613,,,,,
b3614,,,,,
b3615,,,,,
b3616,237,252,155,,107
b3617,28,,28,18,15
b3618,,,,,
b3619,2797,2613,2189,2135,2358
b3620,,,,,
b3621,,,,,
b3622,,,,,
b3623,19,,,22,15
b3624,,,,,
b3625,,,,,
b3626,,,,,
b3627,,,,,
b3628,,,,,
b3629,,,,,
b3630,,,,,
b3631,,,,,
b3632,,,,,
b3633,,,,,
b3634,,,,,
b3635,,,,,
b3636,6564,7092,8091,8673,10766
b3637,8941,9439,11736,12678,13555
b3638,,,,,
b3639,522,,,384,
b3640,556,525,904,855,481
b3641,,,,,
b3642,,,,,
b3643,,,,,
b3644,799,687,585,503,474
b3645,,,,,
b3646,,,,,
b3647,,,,,
b3648,160,141,147,159,213
b3649,3538,3716,3838,3683,3705
b3650,,,,,
b3651,,,,,
b3652,,,,,
b3653,,,,,
b3654,,,,,
b3655,48,43,43,38,37
b3656,,,,,
b3657,,,,,
b3658,,,,,
b3659,,,,,
b3660,,,,,
b3661,822,1097,1458,1400,1431
b3662,,,,,
b3663,,,,,
b3664,,,,,
b3665,,,,,
b3666,,,,,
b3667,,,,,
b3668,,,,,
b3669,,,,,
b3670,678,,,971,
b3671,1471,2239,1769,2511,1741
b3672,,,,,
b3673,,,,,
b3674,,,,,
b3675,,,,,
b3676,,,,,
b3677,,,,,
b3678,,,,,
b3679,,,,,
b3680,,,,,
b3683,,,,,
b3684,,,,,
b3685,32,,,,
b3686,,,,,
b3687,,,,,
b3688,,,,,
b3689,,,,,
b3690,,,,,
b3691,,,,,
b3693,,,,,
b3696,,,,,
b3697,970,,,1729,
b3698,633,,,,265
b3699,581,604,643,610,650
b3700,,,,,
b3701,476,468,436,389,360
b3702,43,44,43,35,31
b3703,14662,15077,13343,20768,19164
b3704,,,,,
b3705,517,576,634,577,536
b3706,107,87,79,73,77
b3707,,,,,
b3708,3773,,,,
b3709,,,,,
b3710,,,,,
b3711,,,,,
b3712,,,,,
b3713,2167,1604,1156,1013,973
b3714,,,,,
b3715,,,,,
b3716,,,,,
b3717,,,,,
b3718,,,,,
b3719,,,,,
b3720,,,,,
b3721,,,,,
b3722,,,,,
b3723,,,,,
b3724,207,196,203,188,154
b3725,,,,,
b3726,,,,,
b3727,,,,,
b3728,1068,1014,1179,1014,773
b3729,1107,1231,1349,1237,1745
b3730,186,211,249,263,315
b3731,4636,5122,5481,5023,4621
b3732,11570,13552,14835,12876,11486
b3733,2974,3276,3548,3008,2515
b3734,8580,9161,9772,8728,7187
b3735,3233,4143,3768,3367,3018
b3736,2210,2903,3165,2795,2142
b3737,,,,,
b3738,647,,,,
b3739,,,,,
b3740,,,,,
b3741,,,,,
b3742,545,668,597,603,582
b3743,,,,,
b3744,,,,,
b3745,,,,,
b3746,,,,,
b3747,,,,,
b3748,578,597,449,297,156
b3749,,,,,
b3750,,,,,
b3751,10916,10728,7870,7031,3286
b3752,123,146,137,112,83
b3753,,,,,
b3754,,,,,
b3755,,,,,
b3756,,,,,
b3758,,,,,
b3760,,,,,
b3761,,,,,
b3764,2799,2815,3211,3342,3602
b3765,,,,,
b3766,,,,,
b3769,,,,,
b3770,769,1308,1569,2175,1965
b3771,25,34,62,46,79
b3772,,,,,
b3773,,,,,
b3774,8619,10438,11862,12363,14574
b3775,1500,1498,1561,1595,1654
b3777,,,,,
b3778,,,,,
b3779,,,,,
b3780,517,489,530,504,550
b3781,9331,9205,9003,8135,8234
b3783,2499,2813,2876,2790,2721
b3784,,,,,
b3785,,,,,
b3786,,,,,
b3787,,,,,
b3788,,,,,
b3789,,,,,
b3790,,,,,
b3791,76,66,67,71,79
b3792,,,,,
b3793,,,,,
b3794,,,,,
b3795,,,,,
b3796,,,,,
b3797,,,,,
b3799,,,,,
b3800,,,,,
b3801,,,,,
b3802,142,135,129,102,90
b3803,398,386,356,295,241
b3804,43,39,27,18,15
b3805,,,,,
b3806,,,,,
b3807,357,305,267,259,288
b3809,255,270,258,229,216
b3810,,,,,
b3811,,,,,
b3812,,,,,
b3813,37,40,34,27,28
b3816,424,318,187,130,137
b3817,,,,,
b3818,,,,,
b3819,,,,,
b3820,192,218,213,174,207
b3821,,,,,
b3822,,,,,
b3823,,,,,
b3824,,,,,
b3825,,,,,
b3826,,,,,
b3827,,,,,
b3828,,,,,
b3829,6286,10855,18754,28775,23568
b3830,687,684,702,617,448
b3831,7059,6399,3783,3359,2600
b3832,,,,,
b3833,668,739,676,659,667
b3834,81,,,69,76
b3835,106,106,112,98,95
b3836,357,356,399,334,294
b3838,95,189,93,91,68
b3839,,,,,
b3842,,,,,
b3843,209,215,212,161,116
b3844,217,255,256,225,224
b3845,1519,1405,787,297,116
b3846,1900,1858,1053,389,149
b3847,1382,1470,1344,1212,951
b3848,,,,,
b3849,,,,,
b3850,59,62,58,55,62
b3851,,,,,
b3854,,,,,
b3856,,,,,
b3857,80,,65,69,56
b3858,2271,2461,2251,2131,2353
b3859,,,,,
b3860,1968,1874,2093,2000,2303
b3861,,,,,
b3862,,,,,
b3863,1006,903,835,737,756
b3864,,,,,
b3865,470,455,455,475,492
b3866,636,369,396,357,323
b3867,,,,,
b3868,,,,,
b3869,,,,,
b3870,3083,4818,6172,7702,4788
b3871,1011,1178,1443,1710,2245
b3872,,,,,
b3873,,,,,
b3874,,,,,
b3875,,,,,
b3876,,,,,
b3877,,,,,
b3878,,,,,
b3879,,,,,
b3880,,,,,
b3881,,,,,
b3882,,,,,
b3883,,,,,
b3884,,,,,
b3885,,,,,
b3886,,,,,
b3887,247,254,239,187,205
b3888,208,195,174,117,104
b3889,,,,,
b3890,,,,,
b3891,231,206,186,142,148
b3892,,,,,
b3893,,,,,
b3894,,,,,
b3895,,,,,
b3896,,,,,
b3897,,,,,
b3898,,,,,
b3899,,,,,
b3900,,,,,
b3901,,,,,
b3902,,,,,
b3903,,,,,
b3904,,,,,
b3905,,,,,
b3906,,,,,
b3907,,,,,
b3908,36449,33970,28901,24400,21787
b3909,,,,,
b3910,614,566,469,458,365
b3911,,,,,
b3912,2601,2347,1864,1439,1226
b3915,,,,,
b3916,1742,1703,1906,1819,1894
b3917,,,,,
b3918,,,,,
b3919,6590,5972,4984,4766,4717
b3920,,,,,
b3921,,,,,
b3922,404,283,217,,214
b3923,394,273,291,267,273
b3924,283,279,249,250,203
b3925,,,,,
b3926,1398,1243,744,305,143
b3927,,,,,
b3928,3292,3676,3554,3719,4072
b3929,1854,1461,1123,963,882
b3930,,,,,
b3931,706,629,705,723,782
b3932,738,709,1020,699,758
b3933,17,14,12,11,9
b3934,,,,,
b3935,,,,,
b3936,4149,4483,4789,5680,7386
b3937,,,,,
b3938,1352,1229,1368,1335,1459
b3939,500,765,928,1015,743
b3940,59,101,140,122,166
b3941,696,1020,1495,1904,1874
b3942,4443,4194,3184,2809,2990
b3943,,,,,
b3944,,,,,
b3945,66,,,,
b3946,,,,,
b3947,26,,,,
b3949,,,,,
b3950,,,,,
b3951,,,,,
b3952,,,,,
b3953,,,,,
b3954,,,,,
b3955,,,,,
b3956,2320,3073,3705,3787,4781
b3957,384,395,433,519,594
b3958,177,158,207,567,329
b3959,611,680,741,781,954
b3960,234,378,508,608,983
b3961,149,168,161,136,143
b3962,928,1157,1188,970,528
b3963,86,76,70,60,68
b3964,,,,,
b3965,29,,,,
b3966,,,,,
b3967,,,,,
b3968,,,,,
b3969,,,,,
b3970,,,,,
b3972,36,39,35,35,30
b3973,,,,,
b3974,90,105,90,70,73
b3976,,,,,
b3978,,,,,
b3979,,,,,
b3980,,,,,
b3981,,,,,
b3982,2977,2774,2858,2763,2937
b3983,8390,8905,10307,11402,13089
b3984,10781,11020,13811,14124,17193
b3985,9707,10043,11928,12987,16445
b3986,19224,18113,23137,24994,28955
b3987,3550,3804,3979,3718,3888
b3988,3072,3104,3538,3254,3287
b3989,,,,,
b3990,,,,,
b3991,404,645,1024,985,967
b3992,368,408,556,568,543
b3993,737,872,995,977,1020
b3994,422,666,906,1050,1168
b3995,1009,969,666,440,411
b3996,,,,,
b3997,391,385,361,360,384
b3998,,,,,
b3999,110,97,105,117,131
b4000,31416,31887,31138,29023,28683
b4001,,,,,
b4002,,,,,
b4003,,,,,
b4004,,,,,
b4005,471,560,693,962,1131
b4006,488,628,894,1166,1432
b4009,,,,,
b4011,,,,,
b4012,,,,,
b4013,547,682,694,671,747
b4014,8544,8793,6768,4979,3946
b4015,44419,51215,30869,16296,8302
b4016,79,76,43,,21
b4017,,,,,
b4018,,,,,
b4019,262,283,336,308,346
b4020,,,,,
b4021,427,484,329,358,150
b4022,,,,,
b4023,168,,,,
b4024,475,540,555,785,930
b4025,4021,3602,3719,3536,3406
b4026,,,,,
b4027,,,,,
b4028,,,,,
b4029,,,,,
b4030,,,,,
b4031,,,,,
b4032,,,,,
b4033,,,,,
b4034,11575,13873,11772,6517,2260
b4035,971,1272,1134,607,193
b4036,284,365,330,172,39
b4037,4289,6183,5329,3729,1519
b4038,,,,,
b4039,,,,,
b4040,,,,,
b4041,459,428,308,239,237
b4042,,,,,
b4043,123,108,102,90,93
b4044,,,,,
b4045,3816,1771,785,395,254
b4046,167,117,119,77,85
b4047,,,,,
b4048,,,,,
b4049,80,83,78,76,77
b4050,,,,,
b4051,1874,1254,914,665,503
b4052,,,,,
b4053,,,,,
b4054,1095,1250,1502,1319,1419
b4055,390,532,501,,
b4056,,,,,
b4057,937,766,573,388,332
b4058,209,169,143,123,115
b4059,2396,2363,1970,1699,1508
b4060,,,,,
b4061,,,,,
b4062,,,,,
b4063,,,,,
b4064,,,,,
b4065,,,,,
b4066,,,,,
b4067,1070,,,,
b4068,1160,,,,
b4069,10745,10272,6216,2554,879
b4070,,,,,
b4071,,,,,
b4072,,,,,
b4073,,,,,
b4074,,,,,
b4075,,,,,
b4076,,,,,
b4077,,,,,
b4078,,,,,
b4079,,,,,
b4080,,,,,
b4081,,,,,
b4082,,,,,
b4083,,,,,
b4084,,,,,
b4085,,,,,
b4086,,,,,
b4087,145,,,,
b4088,265,207,160,131,27
b4089,,,,,
b4090,,,,,
b4092,,,,,
b4093,,,,,
b4094,,,,,
b4095,,,,,
b4096,,,,,
b4097,,,,,
b4098,,,,,
b4099,,,,,
b4100,,,,,
b4101,,,,,
b4102,,,,,
b4104,,,,,
b4105,,,,,
b4106,,,,,
b4107,1765,775,428,189,146
b4108,789,481,627,,553
b4109,,,,,
b4110,48,,,,
b4111,,,,,
b4112,,,,,
b4113,712,908,635,642,447
b4114,,,,,
b4115,,,,,
b4116,,,,,
b4117,,,,,
b4118,,,,,
b4119,,,,,
b4120,,,,,
b4121,,,,,
b4122,,,,,
b4123,,,,,
b4124,,,,,
b4125,,,,,
b4126,,,,,
b4127,344,,,,
b4128,,,,,
b4129,94,97,94,80,72
b4130,,,,,
b4131,,,,,
b4132,,,,,
b4133,,,,,
b4135,533,457,348,321,288
b4136,,,,,
b4137,,,,,
b4138,,,,,
b4139,1475,1778,1313,692,243
b4140,,,,,
b4141,,,,,
b4142,18817,18331,15628,14296,12203
b4143,12299,10864,10053,8664,5939
b4144,366,354,291,228,188
b4145,,,,,
b4146,,,,,
b4147,2893,2902,3490,3503,3604
b4148,,,,,
b4149,54,40,40,33,29
b4150,,,,,
b4151,,,,,
b4152,,,,,
b4153,780,543,290,289,145
b4154,328,292,209,134,81
b4155,,,,,
b4156,,,,,
b4157,,,,,
b4158,,,,,
b4159,,,,,
b4160,1005,876,710,668,623
b4161,275,252,214,173,182
b4162,657,638,529,527,578
b4165,,,,,
b4166,,,,,
b4167,157,131,82,67,
b4168,353,179,288,244,244
b4169,,,,,
b4170,18,22,15,14,9
b4171,,,,,
b4172,,,,,
b4173,136,136,138,121,109
b4174,785,874,974,829,746
b4175,436,427,510,453,448
b4176,,,,,
b4177,6539,6664,5610,5290,5871
b4178,,,,,
b4179,156,140,140,143,147
b4180,,,,,
b4181,,,,,
b4182,,,,,
b4183,77,,,,
b4184,,,,,
b4185,,,,,
b4186,,,,,
b4187,,,,,
b4188,,,,,
b4189,,,,,
b4190,,,,,
b4191,,,,,
b4192,,,,,
b4193,,,,,
b4194,,,,,
b4195,,,,,
b4196,,,,,
b4197,,,,,
b4198,,,,,
b4199,,,,,
b4200,13591,14289,15040,15788,16781
b4201,,,,,
b4202,9499,9822,11963,13075,12719
b4203,10092,10917,13645,14297,17564
b4204,,,,,
b4205,,,,,
b4206,182,,78,,63
b4207,2000,2216,2147,2177,2182
b4208,603,740,463,352,
b4209,,,,,
b4210,,,,,
b4211,79,61,51,53,43
b4212,,,,,
b4213,293,280,250,157,105
b4214,1408,995,649,613,502
b4215,,,,,
b4216,1497,1860,1537,884,367
b4217,,,,,
b4218,,,,,
b4219,1409,982,920,849,753
b4220,,,,,
b4221,,,,,
b4222,307,292,254,234,237
b4224,,,,,
b4225,,,,,
b4226,9702,10082,9916,9003,9033
b4227,4221,2474,805,179,56
b4230,,,,,
b4231,,,,,
b4232,617,749,793,707,705
b4233,173,196,216,210,240
b4234,988,666,682,589,600
b4235,847,787,733,739,745
b4236,,,,,
b4237,,,,,
b4238,,,,,
b4239,,,,,
b4240,,,,,
b4241,,,,,
b4242,,,,,
b4243,4062,5092,5374,5006,4570
b4244,9315,16441,11771,15891,11295
b4245,7243,11256,10281,12806,10016
b4246,,,,,
b4248,,,,,
b4249,,,,,
b4251,,,,,
b4252,279,266,365,390,
b4253,,,,,
b4254,672,865,1169,1701,1423
b4255,6553,5754,4860,4741,4487
b4256,143,172,,136,135
b4257,,,,,
b4258,654,720,771,809,888
b4259,,,,,
b4260,831,929,908,838,678
b4261,37,40,40,21,22
b4262,136,107,93,60,82
b4263,638,405,277,209,167
b4264,,,,,
b4265,,,,,
b4266,43,36,16,22,
b4267,,,,,
b4268,,,,,
b4269,267,173,128,117,130
b4270,,,,,
b4271,,,,,
b4277,,,,,
b4278,,,,,
b4279,,,,,
b4280,163,,,,
b4281,,,,,
b4282,,,,,
b4284,,,,,
b4286,,,,,
b4287,,,,,
b4288,,,,,
b4289,,,,,
b4290,,,,,
b4291,,,,,
b4292,,,,,
b4293,,,,,
b4295,146,142,171,62,91
b4296,,,,,
b4297,,,,,
b4298,,,,,
b4299,,,,,
b4300,,,,,
b4301,,,,,
b4302,79,,,,
b4303,617,693,78,202,818
b4304,,,,,
b4305,680,1145,493,,
b4306,,,,,
b4307,,,,,
b4308,,,,,
b4309,,,,,
b4310,,,,,
b4311,,,,,
b4312,,,,,
b4313,,,,,
b4314,,,,,
b4315,,,,,
b4316,,,,,
b4317,,,,,
b4318,,,,,
b4319,,,,,
b4320,,,,,
b4321,,,,,
b4322,843,583,396,266,170
b4323,118,99,53,43,25
b4324,,,,,
b4325,,,,,
b4326,,,,,
b4327,,,,,
b4328,,,,,
b4329,,,,,
b4330,,,,,
b4331,,,,,
b4332,,,,,
b4333,,,,,
b4334,,,,,
b4335,,,,,
b4336,,,,,
b4337,,,,,
b4339,,,,,
b4340,,,,,
b4341,,,,,
b4342,,,,,
b4345,,,,,
b4346,,,,,
b4347,,,,,
b4348,,,,,
b4349,,,,,
b4350,43,59,56,41,35
b4351,,,,,
b4352,,,,,
b4353,,,,,
b4354,,,,,
b4355,95,,,,
b4356,,,,,
b4357,,,,,
b4358,,,,,
b4359,,,,,
b4360,252,,,,
b4361,,,,,
b4362,,,,,
b4363,,,,,
b4364,,,,,
b4365,,,,,
b4366,,,,,
b4367,,,,,
b4369,,,,,
b4370,,,,,
b4371,266,250,239,229,196
b4372,,,,,
b4373,,,,,
b4374,,,,,
b4375,278,311,355,422,445
b4376,4207,3762,8437,9871,10182
b4377,,,,,
b4378,,,,,
b4379,,,,,
b4380,,,,,
b4381,1473,1058,829,727,762
b4382,239,162,137,115,113
b4383,2068,1493,1181,978,839
b4384,1774,2017,1911,2027,1500
b4385,,,,,
b4386,,,,,
b4387,,,,,
b4388,107,103,98,94,108
b4389,,,,,
b4390,59,43,36,31,27
b4391,1856,1817,2021,1950,1602
b4392,220,169,145,97,100
b4393,590,524,326,352,231
b4394,,,,,
b4395,267,310,345,301,264
b4396,439,371,318,264,266
b4397,295,381,505,,233
b4398,,,,,
b4399,,,,,
b4400,,,,,
b4401,7037,4916,3486,3067,2651
b4402,,,,,
b4403,,,,,
b4406,,,,,
b4407,,,,,
b4408,,,,,
b4409,,,,,
b4410,,,,,
b4411,,,,,
b4412,,,,,
b4414,,,,,
b4415,,,,,
b4416,,,,,
b4417,,,,,
b4418,,,,,
b4420,,,,,
b4421,,,,,
b4422,,,,,
b4423,,,,,
b4424,,,,,
b4425,,,,,
b4426,,,,,
b4427,,,,,
b4428,,,,,
b4430,,,,,
b4431,,,,,
b4432,,,,,
b4433,,,,,
b4435,,,,,
b4436,,,,,
b4437,,,,,
b4438,,,,,
b4439,,,,,
b4440,,,,,
b4441,,,,,
b4442,,,,,
b4443,,,,,
b4444,,,,,
b4445,,,,,
b4446,,,,,
b4447,,,,,
b4448,,,,,
b4449,,,,,
b4450,,,,,
b4451,,,,,
b4452,,,,,
b4453,,,,,
b4454,,,,,
b4455,,,,,
b4456,,,,,
b4457,,,,,
b4458,,,,,
b4459,,,,,
b4460,,,,,
b4461,,,,,
b4462,,,,,
b4463,,,,,
b4464,,,,,
b4465,,,,,
b4466,,,,,
b4467,,,,,
b4468,,,,,
b4469,,,,,
b4470,,,,,
b4471,,,,,
b4472,,,,,
b4473,,,,,
b4474,,,,,
b4475,,,,,
b4476,,,,,
b4477,,,,,
b4478,,,,,
b4479,,,,,
b4480,,,,,
b4481,,,,,
b4482,,,,,
b4483,,,,,
b4484,,,,,
b4485,,,,,
b4486,,,,,
b4487,,,,,
b4488,,,,,
b4490,,,,,
b4491,,,,,
b4492,,,,,
b4493,,,,,
b4494,,,,,
b4495,,,,,
b4496,,,,,
b4497,,,,,
b4498,,,,,
b4499,,,,,
b4500,,,,,
b4501,,,,,
b4502,,,,,
b4503,,,,,
b4504,,,,,
b4505,,,,,
b4506,,,,,
b4509,,,,,
b4511,,,,,
b4512,,,,,
b4513,,,,,
b4514,,,,,
b4515,,,,,
b4517,,,,,
b4518,,,,,
b4519,,,,,
b4520,,,,,
b4521,,,,,
b4522,,,,,
b4523,,,,,
b4524,,,,,
b4525,,,,,
b4526,,,,,
b4527,,,,,
b4529,,,,,
b4532,,,,,
b4533,,,,,
b4535,,,,,
b4536,,,,,
b4537,,,,,
b4538,,,,,
b4539,,,,,
b4541,,,,,
b4542,,,,,
b4543,,,,,
b4544,,,,,
b4546,,,,,
b4547,,,,,
b4548,,,,,
b4550,,,,,
b4551,,,,,
b4552,,,,,
b4553,,,,,
b4554,,,,,
b4555,,,,,
b4556,,,,,
b4557,,,,,
b4558,,,,,
b4559,,,,,
b4561,,,,,
b4565,,,,,
b4566,,,,,
b4567,,,,,
b4568,,,,,
b4569,,,,,
b4570,,,,,
b4571,,,,,
b4572,,,,,
b4573,,,,,
b4575,,,,,
b4577,,,,,
b4578,,,,,
b4579,,,,,
b4580,,,,,
b4581,,,,,
b4582,,,,,
b4585,,,,,
b4586,,,,,
b4587,,,,,
b4588,,,,,
b4590,,,,,
b4592,,,,,
b4593,,,,,
b4594,,,,,
b4595,,,,,
b4596,,,,,
b4597,,,,,
b4598,,,,,
b4599,,,,,
b4600,,,,,
b4601,,,,,
b4602,,,,,
b4603,,,,,
b4604,,,,,
b4606,,,,,
b4608,,,,,
b4609,,,,,
b4611,,,,,
b4612,,,,,
b4613,,,,,
b4615,,,,,
b4616,,,,,
b4618,,,,,
b4620,,,,,
b4621,,,,,
b4622,,,,,
b4623,,,,,
b4624,,,,,
b4625,,,,,
b4626,,,,,
b4627,,,,,
b4628,,,,,
b4630,,,,,
b4631,,,,,
b4632,,,,,
b4633,,,,,
b4636,,,,,
b4637,,,,,
b4639,,,,,
b4640,,,,,
b4641,,,,,
b4642,,,,,
b4644,,,,,
b4646,,,,,
b4647,,,,,
b4648,,,,,
b4649,,,,,
b4650,,,,,
b4651,,,,,
b4652,,,,,
b4653,,,,,
b4654,,,,,
b4655,,,,,
b4656,,,,,
b4657,,,,,
b4658,,,,,
b4659,,,,,
b4660,,,,,
b4661,,,,,
